symbol,date,expiry,put_option_type,strike,put_open,put_high,put_low,put_close,put_ltp,put_settle_price,put_no_of_contracts,put_turnover_in_lacs_option,put_premium_turnover_in_lacs,put_open_interest,put_change_in_oi,call_option_type,call_open,call_high,call_low,call_close,call_ltp,call_settle_price,call_no_of_contracts,call_turnover_in_lacs_option,call_premium_turnover_in_lacs,call_open_interest,call_change_in_oi,forward_open,forward_close,open_ul,high_ul,low_ul,close_ul,moneyness_open,moneyness_close,f_minus_k,otm_option_type,open_option,high_option,low_option,close_option,ltp_option,settle_price_option,days_to_expiry,rf_rate,implied_volatility,d1,d2,delta,gamma,theta,vega,rho,vanna,charm,volga
NIFTY,2022-07-01,2022-07-07,PE,15750,205.0,316.5,133.75,152.7,145.3,152.7,243279,1940344.21,24522.08,672400.0,293700.0,CE,155.05,173.0,82.85,152.85,165.6,152.85,617298,4898455.7,37233.95,834800.0,494200.0,15678.1,15750.15,15703.7,15793.95,15511.05,15752.05,-0.004576,1e-05,0.1499999999996362,PE,205.0,316.5,133.75,152.7,145.3,152.7,6,-0.0073381118444725,0.1896219982547093,0.0125476558289349,-0.0117641888142112,-0.4950540539561466,0.0010418991,-12.7291,8.0564,-130.68288676863463,0.000247515,0.1391,-0.0063
NIFTY,2022-07-01,2022-07-14,PE,15750,302.45,387.9,221.0,234.65,227.0,234.65,1543,12375.5,224.37,13800.0,-3600.0,CE,219.95,257.5,156.0,241.95,253.9,241.95,3038,24239.17,314.92,23300.0,12950.0,15648.0,15757.3,15703.7,15793.95,15511.05,15752.05,-0.006497,0.000463,7.299999999999272,PE,302.45,387.9,221.0,234.65,227.0,234.65,13,0.0093561972886097,0.200975314972839,0.0311816072949717,-0.0067470930814651,-0.4873999085246001,0.0006669672,-9.1659,11.8539,-281.8954211619567,0.0001338222,0.0423,-0.0124
NIFTY,2022-07-01,2022-07-21,PE,15750,342.25,410.6,292.0,306.9,298.35,306.9,63,507.39,11.26,1800.0,450.0,CE,274.0,325.65,224.95,311.0,322.1,311.0,84,673.23,11.73,1250.0,300.0,15661.75,15754.1,15703.7,15793.95,15511.05,15752.05,-0.005619,0.00026,4.100000000000364,PE,342.25,410.6,292.0,306.9,298.35,306.9,20,0.0023749331513272,0.2100709701694754,0.0298800725916823,-0.0192938220907966,-0.488017837745073,0.0005146731,-7.723,14.7035,-438.0921443077031,0.0003661946,0.0714,-0.0404
NIFTY,2022-07-01,2022-07-28,PE,15750,429.9,490.95,340.3,351.3,345.25,351.3,1859,15009.59,369.97,47800.0,5050.0,CE,336.95,376.55,257.65,358.5,371.8,358.5,2938,23609.43,472.68,41050.0,11100.0,15660.5,15757.2,15703.7,15793.95,15511.05,15752.05,-0.005699,0.000457,7.200000000000728,PE,429.9,490.95,340.3,351.3,345.25,351.3,27,0.00441904335967,0.2077124904077233,0.0363368364711307,-0.0201566089997419,-0.4853482085269299,0.0004477177,-6.5721,17.0803,-591.7088507149138,0.0003867553,0.0564,-0.0602
NIFTY,2022-07-07,2022-07-14,PE,16150,203.55,225.0,150.15,158.3,154.75,158.3,52999,432783.13,4816.2,348800.0,332550.0,CE,150.45,163.3,113.4,152.45,156.95,152.45,117649,958639.77,8624.1,730100.0,626000.0,16084.4,16144.15,16113.75,16150.5,16045.95,16132.9,-0.00407,-0.000362,-5.850000000000364,CE,150.45,163.3,113.4,152.45,156.95,152.45,7,0.0363482515664505,0.1742745172301781,-0.00294435067145,-0.0270787489893334,0.4984777708365002,0.0010231841,-11.1028,8.913,151.41191181592015,0.0006194413,-0.2633,0.0041
NIFTY,2022-07-07,2022-07-21,PE,16150,259.5,286.0,222.25,229.45,225.0,229.45,290,2377.88,36.13,5250.0,5050.0,CE,224.0,233.55,180.95,223.85,228.0,223.85,963,7880.8,104.58,17100.0,9650.0,16104.0,16144.4,16113.75,16150.5,16045.95,16132.9,-0.002852,-0.000347,-5.600000000000364,CE,224.0,233.55,180.95,223.85,228.0,223.85,14,0.0185778513852106,0.1797782920349051,0.0077545523074699,-0.0274545405412093,0.502735223497909,0.0007013112,-8.0987,12.6045,302.7263672554185,0.0006087857,-0.1333,-0.0149
NIFTY,2022-07-07,2022-07-28,PE,16150,314.6,342.0,271.3,279.15,271.3,279.15,3361,27650.92,510.85,32900.0,16000.0,CE,277.45,289.0,234.95,278.35,285.0,278.35,6904,56682.38,932.58,112550.0,56450.0,16104.75,16149.2,16113.75,16150.5,16045.95,16132.9,-0.002806,-5e-05,-0.7999999999992724,CE,277.45,289.0,234.95,278.35,285.0,278.35,21,0.01755211388887,0.1805725791973011,0.0205126351442457,-0.0228000408299691,0.5076698554392076,0.0005696579,-6.6426,15.4346,455.6776646732693,0.0005031112,-0.07,-0.04
NIFTY,2022-07-07,2022-08-04,PE,16150,488.0,488.0,488.0,488.0,488.0,488.0,1,8.32,0.24,50.0,50.0,CE,334.15,337.6,317.4,328.3,317.4,328.3,8,65.92,1.32,350.0,300.0,16105.85,16150.95,16113.75,16150.5,16045.95,16132.9,-0.002737,5.9e-05,0.9500000000007276,PE,488.0,488.0,488.0,488.0,488.0,488.0,28,0.0145766175579794,0.274100024915066,0.0387335416031479,-0.0371839165012366,-0.484009889957056,0.0003247573,-8.7284,17.8127,-637.1131946408178,0.0005401877,0.1036,-0.0936
NIFTY,2022-07-11,2022-07-14,PE,16200,153.0,173.9,93.45,111.0,119.0,111.0,1704577,13920248.56,113174.86,4638400.0,668050.0,CE,99.0,137.6,73.0,111.6,101.5,111.6,2582402,21044239.81,126783.61,5285750.0,965350.0,16143.75,16200.6,16136.15,16248.55,16115.5,16216.0,-0.003478,3.7e-05,0.6000000000003638,PE,153.0,173.9,93.45,111.0,119.0,111.0,3,-0.1155992181549335,0.1897950177657134,0.0107558088158844,-0.0064509472884208,-0.4961803480567927,0.0014324104,-18.5338,5.8647,-66.98162184454748,0.0001357176,0.0993,-0.0021
NIFTY,2022-07-11,2022-07-21,PE,16200,220.0,245.45,167.05,186.15,193.0,186.15,30765,252369.99,3173.49,295050.0,17700.0,CE,124.4,210.6,124.4,181.85,172.9,181.85,44493,364262.03,3868.73,376050.0,89350.0,16136.0,16195.7,16136.15,16248.55,16115.5,16216.0,-0.003958,-0.000265,-4.299999999999272,CE,124.4,210.6,124.4,181.85,172.9,181.85,10,-0.0457211498863016,0.1718124788013158,0.0048845492846692,-0.0235540545535984,0.502577797509835,0.0008672432,-9.1872,10.7078,218.020529035562,0.0005475955,-0.1947,-0.0072
NIFTY,2022-07-11,2022-07-28,PE,16200,252.0,299.0,218.05,238.05,245.95,238.05,59943,493320.69,7782.39,1124000.0,225950.0,CE,225.2,269.65,202.0,239.7,231.7,239.7,66882,549421.96,7677.76,1444050.0,163250.0,16150.1,16201.65,16136.15,16248.55,16115.5,16216.0,-0.003085,0.000102,1.6499999999996362,PE,252.0,299.0,218.05,238.05,245.95,238.05,17,-0.0190083464594451,0.1711139488483372,0.0212222562996257,-0.0157063946161646,-0.49196953800831,0.0006672277,-7.0187,13.9583,-382.3261950975916,0.0003664273,0.058,-0.0272
NIFTY,2022-07-11,2022-08-04,PE,16200,329.95,341.05,270.0,286.55,293.5,286.55,104,858.41,16.01,2950.0,950.0,CE,286.2,313.4,255.0,291.4,281.85,291.4,168,1384.49,23.69,4300.0,500.0,16139.3,16204.85,16136.15,16248.55,16115.5,16216.0,-0.003754,0.000299,4.850000000000364,PE,329.95,341.05,270.0,286.55,293.5,286.55,24,-0.0104607327292275,0.1742370621821255,0.0290391112589556,-0.0156395064735714,-0.4887527614651805,0.0005511641,-6.0149,16.5817,-539.619601536078,0.0003581856,0.0423,-0.0432
NIFTY,2022-07-12,2022-07-14,PE,16050,75.1,109.8,59.05,97.35,106.5,97.35,877644,7079224.21,36131.11,865700.0,-184950.0,CE,142.8,155.95,83.05,93.55,83.05,93.55,405858,3281484.48,24474.03,797400.0,683450.0,16133.35,16046.2,16126.2,16158.75,16031.15,16058.3,0.00518,-0.000237,-3.799999999999272,CE,142.8,155.95,83.05,93.55,83.05,93.55,2,-0.137566391288438,0.2012347624770228,-0.0084479874780897,-0.0233440529012616,0.4970042756162264,0.0016702372,-23.8385,4.742,43.186190590602,0.0004631218,-0.9188,0.0046
NIFTY,2022-07-12,2022-07-28,PE,16050,206.05,248.95,194.4,238.75,246.0,238.75,2909,23665.52,320.79,39900.0,14450.0,CE,274.45,289.45,218.4,231.95,228.5,231.95,2064,16818.97,255.37,48950.0,20650.0,16148.7,16043.2,16126.2,16158.75,16031.15,16058.3,0.006131,-0.000424,-6.799999999999272,CE,274.45,289.45,218.4,231.95,228.5,231.95,16,-0.0214612261362062,0.1754281948164016,0.0068271302368934,-0.0299021953085949,0.5031967776010067,0.0006776486,-7.3461,13.4126,343.71231059978885,0.0006806317,-0.147,-0.0156
NIFTY,2022-07-15,2022-07-21,PE,16050,161.0,199.0,109.0,117.15,111.0,117.15,319151,2585107.52,23920.74,762450.0,664700.0,CE,97.0,138.6,72.5,124.55,127.35,124.55,802586,6481114.65,40362.0,1106200.0,255700.0,15973.55,16057.4,16010.8,16066.95,15927.3,16049.2,-0.004775,0.000461,7.399999999999636,PE,161.0,199.0,109.0,117.15,111.0,117.15,6,0.0310735701805493,0.147206971355002,0.033859861614758,0.0149861388879066,-0.4862460131685368,0.0013149416,-10.0696,8.2043,-130.27393775714577,-0.0004056959,-0.1665,0.0283
NIFTY,2022-07-18,2022-07-28,PE,16300,241.55,246.55,165.0,172.55,165.0,172.55,42639,351712.63,4204.78,601350.0,325650.0,CE,120.15,181.0,119.45,171.95,181.0,171.95,99038,814478.75,7319.05,1267650.0,231150.0,16158.45,16299.4,16151.4,16287.95,16142.2,16278.5,-0.008722,-3.7e-05,-0.6000000000003638,CE,120.15,181.0,119.45,171.95,181.0,171.95,10,0.0468323682408068,0.1602450346307538,0.0118741523148938,-0.0146497945410465,0.5040897881591303,0.0009215363,-8.623,10.7485,220.3948242606006,0.0003642245,-0.0829,-0.0117
NIFTY,2022-07-18,2022-08-04,PE,16300,290.5,293.8,219.9,224.35,226.0,224.35,1432,11853.16,182.36,24800.0,19500.0,CE,174.5,230.7,170.0,223.65,230.0,223.65,4264,35165.97,414.37,60250.0,19800.0,16183.2,16299.3,16151.4,16287.95,16142.2,16278.5,-0.007191,-4.3e-05,-0.7000000000007276,CE,174.5,230.7,170.0,223.65,230.0,223.65,17,0.0274167252532337,0.1598293940970209,0.0160016023655709,-0.0184916925435573,0.5057372330170276,0.000708592,-6.596,14.0135,373.51155621276905,0.000460914,-0.0652,-0.0259
NIFTY,2022-07-18,2022-08-11,PE,16300,325.0,325.0,258.55,261.75,261.95,261.75,18,149.25,2.55,400.0,300.0,CE,219.3,274.4,213.0,265.85,274.2,265.85,282,2332.58,34.28,7300.0,3950.0,16179.9,16304.1,16151.4,16287.95,16142.2,16278.5,-0.007395,0.000252,4.100000000000364,PE,325.0,325.0,258.55,261.75,261.95,261.75,24,0.0238982409904314,0.1584388348387341,0.0265042140197194,-0.0141233542317899,-0.488659107991442,0.0006011148,-5.5034,16.6468,-541.0781416290889,0.000354937,0.0544,-0.0393
NIFTY,2022-07-19,2022-07-28,PE,16350,233.05,233.05,154.75,160.95,165.0,160.95,18239,150740.92,1637.1,166500.0,113450.0,CE,134.65,165.05,100.05,156.3,148.2,156.3,33572,276886.61,2435.51,302750.0,102750.0,16278.95,16345.35,16187.05,16359.5,16187.05,16340.55,-0.004355,-0.000284,-4.649999999999636,CE,134.65,165.05,100.05,156.3,148.2,156.3,9,0.0119113543189,0.1549262950709848,0.0004715987007021,-0.0238560400228249,0.500041254654422,0.0010029708,-8.8132,10.2365,197.6807792326593,0.0006141235,-0.187,-0.0007
NIFTY,2022-07-19,2022-08-04,PE,16350,273.85,293.4,211.35,216.85,219.45,216.85,352,2917.97,40.37,9350.0,8000.0,CE,169.8,223.25,165.7,217.05,212.6,217.05,1433,11862.08,147.3,16250.0,7350.0,16244.25,16350.2,16187.05,16359.5,16187.05,16340.55,-0.006489,1.2e-05,0.2000000000007276,PE,273.85,293.4,211.35,216.85,219.45,216.85,16,0.0134680685756207,0.1589615226751626,0.0170083922385869,-0.0162733132572318,-0.4929238615044959,0.0007325921,-6.7831,13.6467,-362.79468587655145,0.0004081077,0.0806,-0.0238
NIFTY,2022-07-19,2022-08-11,PE,16350,50.0,290.0,50.0,270.15,270.15,270.15,7,58.1,0.88,350.0,350.0,CE,227.55,273.3,227.55,265.0,261.05,265.0,29,240.85,3.77,1850.0,300.0,16244.85,16344.85,16187.05,16359.5,16187.05,16340.55,-0.006452,-0.000315,-5.149999999999636,CE,227.55,273.3,227.55,265.0,261.05,265.0,23,0.0041755114411002,0.1634928409651457,0.0128443011139174,-0.028196537487279,0.5049911059634304,0.000594515,-5.8172,16.3628,503.41671161467946,0.0006877918,-0.0871,-0.0362
NIFTY,2022-07-20,2022-08-11,PE,16500,244.7,260.0,99.95,250.65,257.3,250.65,1175,9829.01,135.26,24450.0,24350.0,CE,255.95,296.0,246.0,254.45,247.0,254.45,763,6398.96,104.21,19150.0,6600.0,16511.25,16503.8,16562.8,16588.0,16490.95,16520.85,0.000682,0.00023,3.799999999999272,PE,244.7,260.0,99.95,250.65,257.3,250.65,22,-0.0171311444713617,0.1561032112711576,0.0251708555222438,-0.0131536663504651,-0.4904655165023317,0.0006311902,-5.733,16.1759,-502.9980320840677,0.0003363999,0.0352,-0.0343
NIFTY,2022-07-21,2022-07-21,PE,16600,90.0,125.0,0.05,9.15,0.05,16605.25,7006646,58286908.8,131747.0,7065300.0,5674000.0,CE,22.0,29.0,0.3,3.2,5.15,16605.25,17298106,143656656.05,82376.25,7410500.0,-171450.0,16524.95,16594.05,16523.55,16626.95,16483.9,16605.25,-0.004531,-0.000358,-5.950000000000728,CE,22.0,29.0,0.3,3.2,5.15,16605.25,0,0.0,0.0,-inf,-inf,0.0,0.0,0.0,0.0,0.0,0.0,0.0,0.0
NIFTY,2022-07-21,2022-07-28,PE,16600,178.9,198.95,131.0,139.6,133.0,139.6,343959,2881698.11,26838.41,2142100.0,1598300.0,CE,96.7,149.9,80.05,135.5,149.75,135.5,556561,4653747.46,34291.16,2946150.0,1448400.0,16518.0,16595.9,16523.55,16626.95,16483.9,16605.25,-0.004952,-0.000247,-4.099999999998545,CE,96.7,149.9,80.05,135.5,149.75,135.5,7,-0.0293686048329113,0.1499096943466247,-0.0015185153682629,-0.0222787523356391,0.4996755550277085,0.0011585667,-9.8178,9.174,156.43687262762677,0.0005932194,-0.2465,0.0021
NIFTY,2022-07-21,2022-08-04,PE,16600,254.7,258.75,195.1,203.95,195.1,203.95,9939,83584.96,1091.26,122350.0,83400.0,CE,153.05,216.0,149.7,198.35,213.55,198.35,19246,161541.68,1799.88,238150.0,68950.0,16510.95,16594.4,16523.55,16626.95,16483.9,16605.25,-0.005379,-0.000337,-5.599999999998545,CE,153.05,216.0,149.7,198.35,213.55,198.35,14,-0.017040842904718,0.1550126332693279,0.0040654505488035,-0.0262933549316621,0.5019498535985523,0.0007923993,-7.1779,12.9739,311.88190623684767,0.0006771256,-0.1454,-0.0089
NIFTY,2022-07-21,2022-08-11,PE,16600,308.4,308.4,248.8,256.85,248.8,256.85,365,3078.42,48.92,18500.0,11650.0,CE,204.85,263.4,202.6,251.45,260.6,251.45,779,6561.01,95.31,18150.0,10300.0,16496.7,16594.6,16523.55,16626.95,16483.9,16605.25,-0.006242,-0.000325,-5.400000000001455,CE,204.85,263.4,202.6,251.45,260.6,251.45,21,-0.0111510834661299,0.1599241198044185,0.0106983112064239,-0.0276615638772777,0.5045915538223108,0.0006270756,-6.0462,15.8889,467.29576522027605,0.000690441,-0.1016,-0.0294
NIFTY,2022-07-25,2022-08-18,PE,16650,292.0,315.05,277.95,277.95,277.95,277.95,4,33.89,0.59,100.0,100.0,CE,310.05,310.05,255.1,278.8,269.35,278.8,48,406.42,6.82,1150.0,1050.0,16668.05,16650.85,16662.55,16706.05,16564.25,16631.0,0.001083,5.1e-05,0.8499999999985448,PE,292.0,315.05,277.95,277.95,277.95,277.95,24,0.0181411461479458,0.1636382439750649,0.0221970165834494,-0.0197638065469462,-0.4905598888948521,0.0005701703,-5.8055,17.0091,-555.3658757142164,0.0004811393,0.0688,-0.0456
NIFTY,2022-07-26,2022-07-28,PE,16500,55.55,98.15,50.0,90.05,97.0,90.05,3352113,27785367.94,130435.69,5032500.0,-949500.0,CE,190.05,190.15,75.0,83.1,76.0,83.1,1985809,16488036.2,105111.95,5045550.0,2798500.0,16628.3,16493.05,16632.9,16636.1,16463.3,16483.85,0.007746,-0.000421,-6.950000000000728,CE,190.05,190.15,75.0,83.1,76.0,83.1,2,0.1018288585985862,0.1777244968322191,-0.0254461880243744,-0.0386019455064611,0.489576291833479,0.0018370049,-21.6335,4.8663,43.789061439534215,0.0008657431,-1.3542,0.0269
NIFTY,2022-07-26,2022-08-11,PE,16500,202.1,255.95,199.9,248.05,253.6,248.05,6286,52592.02,732.52,65550.0,27250.0,CE,310.35,310.35,231.0,239.8,232.0,239.8,4467,37433.83,581.08,58800.0,37350.0,16595.95,16491.75,16632.9,16636.1,16463.3,16483.85,0.005798,-0.0005,-8.25,CE,310.35,310.35,231.0,239.8,232.0,239.8,16,0.0109304305879426,0.1771112101512806,0.005053736031688,-0.0320279617091451,0.5017756609121856,0.0006520338,-7.624,13.7682,352.2349349219148,0.0007210737,-0.1402,-0.0126
NIFTY,2022-07-26,2022-08-18,PE,16500,242.25,301.55,242.25,295.0,301.0,295.0,302,2533.59,42.09,12400.0,2100.0,CE,342.7,342.7,283.45,291.9,283.45,291.9,240,2016.94,36.94,7150.0,1150.0,16544.85,16496.9,16632.9,16636.1,16463.3,16483.85,0.002714,-0.000188,-3.099999999998545,CE,342.7,342.7,283.45,291.9,283.45,291.9,23,0.0125587099684036,0.1777614209581981,0.0181005168573667,-0.0265220962429832,0.5068194263649759,0.0005414245,-6.3832,16.505,508.4606450188657,0.0005946557,-0.0775,-0.0446
NIFTY,2022-07-27,2022-07-28,PE,16650,199.85,226.8,72.0,78.15,75.05,78.15,416390,3489035.26,22588.51,1125450.0,800250.0,CE,26.85,89.15,13.8,79.7,80.15,79.7,1578612,13180269.18,38324.28,1874750.0,-859000.0,16497.0,16651.55,16475.35,16653.45,16438.75,16641.8,-0.009232,9.3e-05,1.5499999999992724,PE,199.85,226.8,72.0,78.15,75.05,78.15,1,0.2137814369377125,0.2271211962795923,0.0137744705827642,0.0018864038367596,-0.494215407044185,0.0020139496,-39.4825,3.4747,-22.760554986344868,-3.31125e-05,-0.0316,0.0004
NIFTY,2022-07-28,2022-08-25,PE,16950,378.95,391.45,288.05,295.1,298.5,295.1,948,8177.53,143.23,19550.0,15450.0,CE,230.95,302.65,212.0,299.35,297.0,299.35,2133,18385.76,308.59,51000.0,36900.0,16776.95,16954.25,16774.85,16947.65,16746.25,16929.6,-0.010262,0.000251,4.25,PE,378.95,391.45,288.05,295.1,298.5,295.1,28,0.0189665822407602,0.1589182001940178,0.0277036297549387,-0.0163119291965497,-0.4882383747825614,0.0005336134,-5.3142,18.6992,-657.6406233947332,0.0004087363,0.0516,-0.0532
NIFTY,2022-07-29,2022-08-25,PE,17200,349.7,362.0,273.1,281.65,283.0,281.65,37762,330652.46,5899.26,615750.0,560100.0,CE,235.0,295.75,216.65,284.7,290.0,284.7,53697,468722.48,6928.28,753400.0,254850.0,17073.6,17203.05,17079.5,17172.8,17018.15,17158.25,-0.007376,0.000177,3.0499999999992724,PE,349.7,362.0,273.1,281.65,283.0,281.65,27,0.035250701969644,0.1521233307100192,0.0249726804897689,-0.0164016782281141,-0.4887622245760668,0.0005588631,-5.2568,18.6116,-642.8108961800201,0.0004288789,0.0613,-0.0501
NIFTY,2022-08-01,2022-08-04,PE,17350,183.75,230.35,99.4,108.35,110.0,108.35,314762,2751195.0,20634.65,944700.0,894400.0,CE,59.7,112.0,46.0,104.0,95.4,104.0,1041597,9079359.41,43505.43,1957300.0,835900.0,17222.6,17345.65,17243.2,17356.25,17154.8,17340.05,-0.00737,-0.000251,-4.349999999998545,CE,59.7,112.0,46.0,104.0,95.4,104.0,3,0.0392861230566871,0.1692534560274916,-0.0086692890539256,-0.0240137536871902,0.4963811901883921,0.0014983428,-17.6964,6.2713,69.91277395441719,0.000565817,-0.5631,0.0077
NIFTY,2022-08-01,2022-08-11,PE,17350,270.0,285.9,181.7,190.05,194.0,190.05,2617,22965.4,262.93,33000.0,30100.0,CE,127.3,197.5,111.75,188.3,180.0,188.3,15963,139764.86,1285.84,180950.0,64550.0,17232.55,17348.25,17243.2,17356.25,17154.8,17340.05,-0.006792,-0.000101,-1.75,CE,127.3,197.5,111.75,188.3,180.0,188.3,10,0.0172565392697304,0.1652104320242008,0.0099842457430855,-0.0173615795372684,0.5037448538331146,0.0008404974,-9.4625,11.4497,234.2682649148636,0.0004190201,-0.1176,-0.012
NIFTY,2022-08-01,2022-08-18,PE,17350,328.95,328.95,232.0,242.55,233.05,242.55,39,343.43,5.1,1050.0,1050.0,CE,188.0,256.05,161.3,246.4,240.0,246.4,364,3199.25,41.55,5000.0,4350.0,17222.0,17353.85,17243.2,17356.25,17154.8,17340.05,-0.007405,0.000222,3.849999999998545,PE,328.95,328.95,232.0,242.55,233.05,242.55,17,0.0170804742777966,0.1637778878556679,0.0239501156090339,-0.0113953164206366,-0.4900561906353773,0.000649697,-7.1951,14.925,-407.390397643354,0.0002772753,0.0571,-0.0249
NIFTY,2022-08-02,2022-08-18,PE,17350,260.35,308.55,225.05,256.95,277.15,256.95,162,1426.51,21.16,1400.0,350.0,CE,246.4,275.0,186.0,248.5,216.65,248.5,1185,10417.25,137.37,10400.0,5400.0,17307.1,17341.55,17310.15,17390.15,17215.85,17345.45,-0.002476,-0.000487,-8.450000000000728,CE,246.4,275.0,186.0,248.5,216.65,248.5,16,-0.0051298036944625,0.1743890293231461,0.0049135906154674,-0.0315981652985409,0.5020731186963003,0.000630205,-7.8936,14.4879,370.7715842563698,0.0007230115,-0.1464,-0.0129
NIFTY,2022-08-02,2022-08-25,PE,17350,296.0,345.15,258.65,293.4,312.7,293.4,4102,36192.35,607.5,41000.0,12000.0,CE,266.45,327.0,234.0,296.1,275.9,296.1,7308,64430.18,1033.28,118800.0,43350.0,17320.45,17352.7,17310.15,17390.15,17215.85,17345.45,-0.001705,0.000156,2.700000000000728,PE,296.0,345.15,258.65,293.4,312.7,293.4,23,0.006631728175733,0.1697085424417433,0.0249532289265611,-0.0176479079701958,-0.4898413924847619,0.0005392686,-6.4092,17.3651,-554.1091193757736,0.0004145557,0.0591,-0.0451
NIFTY,2022-08-03,2022-08-18,PE,17400,263.95,338.55,236.15,244.95,242.0,244.95,1301,11502.98,184.28,21900.0,8350.0,CE,201.7,246.65,171.5,237.2,246.0,237.2,4037,35543.7,421.8,85350.0,55100.0,17350.3,17392.25,17349.25,17407.5,17225.85,17388.15,-0.00286,-0.000446,-7.75,CE,201.7,246.65,171.5,237.2,246.0,237.2,15,0.0057369476560792,0.1713864299449846,0.0045493073539674,-0.0301943577053139,0.5016966083583296,0.0006600423,-8.0356,14.0624,348.83972505749074,0.0007026718,-0.1436,-0.0113
NIFTY,2022-08-03,2022-08-25,PE,17400,316.25,372.9,272.3,282.3,277.1,282.3,31802,281811.39,5133.99,347650.0,63750.0,CE,289.35,297.0,216.15,288.7,297.0,288.7,40290,355796.05,5273.05,706750.0,30150.0,17350.15,17406.4,17349.25,17407.5,17225.85,17388.15,-0.002869,0.000368,6.400000000001455,PE,316.25,372.9,272.3,282.3,277.1,282.3,22,0.0174041117747009,0.1676736267363333,0.0295160642375789,-0.0116490823536131,-0.4877146151891878,0.0005559384,-6.4939,17.0231,-528.7024910803145,0.000276753,0.047,-0.0349
NIFTY,2022-08-05,2022-08-11,PE,17400,170.0,180.5,108.25,141.25,141.55,141.25,2269913,19905192.89,156949.79,2801150.0,1701500.0,CE,180.0,199.85,118.55,138.6,135.35,138.6,1766653,15511462.78,141581.68,3260050.0,1268000.0,17410.0,17397.35,17423.65,17474.4,17348.75,17397.5,0.000575,-0.000152,-2.650000000001455,CE,180.0,199.85,118.55,138.6,135.35,138.6,6,-0.000524502907767,0.1572328658495989,0.0025241870988462,-0.017634977146419,0.5010113235717943,0.0011375141,-11.6596,8.8987,141.0027192259648,0.0004474495,-0.2143,-0.0025
NIFTY,2022-08-05,2022-08-18,PE,17400,239.5,240.6,177.1,211.7,215.0,211.7,25643,225735.65,2641.55,142500.0,94150.0,CE,207.4,271.85,191.55,212.55,208.3,212.55,20309,179038.43,2350.13,186200.0,76250.0,17441.8,17400.85,17423.65,17474.4,17348.75,17397.5,0.002399,4.9e-05,0.8499999999985448,PE,239.5,240.6,177.1,211.7,215.0,211.7,13,0.0054058708299785,0.1619558108004103,0.0168806304369105,-0.0136841850624547,-0.4931709593939373,0.0007498464,-8.1596,13.0967,-313.1858105058444,0.0003369667,0.0793,-0.0187
NIFTY,2022-08-10,2022-08-18,PE,17550,193.0,241.8,162.85,173.7,178.8,173.7,22105,196078.81,2107.44,140450.0,96850.0,CE,195.25,195.25,135.05,167.8,163.9,167.8,38562,341578.6,3197.05,304450.0,161150.0,17552.25,17544.1,17566.1,17566.1,17442.8,17534.75,0.000128,-0.000336,-5.900000000001455,CE,195.25,195.25,135.05,167.8,163.9,167.8,8,0.0243219923174477,0.1648334399121615,-0.0015770472986867,-0.0259800845735054,0.4991047133670201,0.0009313288,-10.6749,10.3564,188.2420360004681,0.0006284536,-0.2242,0.0026
NIFTY,2022-08-11,2022-09-01,PE,17700,338.4,338.4,257.25,271.5,273.0,271.5,1296,11646.12,176.52,24050.0,22950.0,CE,296.0,306.0,262.4,267.9,264.25,267.9,968,8702.99,136.19,19500.0,9950.0,17730.0,17696.4,17711.65,17719.3,17631.95,17659.0,0.001693,-0.000203,-3.599999999998545,CE,296.0,306.0,262.4,267.9,264.25,267.9,21,0.0367721966950722,0.1595921291264857,0.0138264007480605,-0.0244538420640987,0.5044473908623811,0.0005876113,-6.434,16.8965,498.1892089868867,0.0006099375,-0.066,-0.0358
NIFTY,2022-08-12,2022-08-18,PE,17700,142.7,171.0,94.25,109.75,104.0,109.75,1756580,15650765.63,105032.63,2974100.0,404850.0,CE,120.0,129.0,77.0,105.25,101.1,105.25,2577111,22942360.16,134927.81,4786100.0,1088850.0,17662.4,17695.5,17659.65,17724.65,17597.85,17698.15,-0.002127,-0.000254,-4.5,CE,120.0,129.0,77.0,105.25,101.1,105.25,6,-0.0091094494992552,0.1187221132804556,-0.0090936975823502,-0.0243153153289544,0.4964465240586895,0.0014812675,-8.9544,9.0521,142.67867398733563,0.0008171569,-0.2996,0.0169
NIFTY,2022-08-16,2022-08-25,PE,17850,205.5,205.7,149.0,156.15,150.8,156.15,18158,163595.03,1534.88,177500.0,149950.0,CE,101.25,166.9,101.25,157.35,160.0,157.35,28977,260844.54,2224.81,310750.0,201700.0,17763.05,17851.2,17797.2,17839.1,17764.05,17825.25,-0.004883,6.7e-05,1.2000000000007276,PE,205.5,205.7,149.0,156.15,150.8,156.15,9,0.0589978460450406,0.1403802399304711,0.0140713897027372,-0.0079721230488314,-0.4936678312951274,0.0010122483,-8.7205,11.1655,-221.146352581188,0.0002262056,0.0935,-0.0089
NIFTY,2022-08-16,2022-09-08,PE,17900,279.15,279.15,279.15,279.15,279.15,279.15,2,18.18,0.28,100.0,100.0,CE,245.6,279.95,245.4,273.85,275.0,273.85,512,4651.63,69.23,21500.0,17700.0,17866.45,17894.7,17797.2,17839.1,17764.05,17825.25,-0.001876,-0.000296,-5.299999999999272,CE,245.6,279.95,245.4,273.85,275.0,273.85,23,0.0617102035780135,0.154869400967228,0.0118207163005082,-0.0270554207330085,0.5027568532899277,0.0005711937,-6.0329,17.8498,549.6579987794828,0.000694192,-0.0543,-0.0369
NIFTY,2022-08-17,2022-08-18,PE,17950,115.6,132.35,50.2,58.15,65.0,58.15,1023055,9218590.97,36672.34,1717250.0,1578100.0,CE,35.55,73.2,29.5,63.4,56.85,63.4,2058527,18528114.61,52834.79,2574800.0,950850.0,17857.0,17955.25,17868.15,17965.95,17833.35,17944.25,-0.005195,0.000292,5.25,PE,115.6,132.35,50.2,58.15,65.0,58.15,1,0.2236800025433499,0.1621213668673842,0.0387046755778187,0.0302188553996773,-0.4842660630035009,0.0026147691,-30.3697,3.7442,-23.981560127354182,-0.0007426024,-2.0888,0.027
NIFTY,2022-08-17,2022-09-01,PE,18000,279.85,279.85,203.0,212.15,221.0,212.15,5849,53313.56,672.56,106000.0,83900.0,CE,168.95,216.75,163.15,209.1,205.0,209.1,10822,98419.4,1021.4,258300.0,96500.0,17890.9,17996.95,17868.15,17965.95,17833.35,17944.25,-0.00608,-0.000169,-3.0499999999992724,CE,168.95,216.75,163.15,209.1,205.0,209.1,15,0.0713591970046807,0.1451234783243437,0.0089497405340109,-0.020469867102121,0.5020957901981681,0.0007512479,-7.0406,14.5117,362.7572419518417,0.0005610433,-0.0632,-0.0183
NIFTY,2022-08-17,2022-09-08,PE,18000,318.25,318.25,252.1,260.8,268.25,260.8,203,1854.86,27.86,6100.0,4550.0,CE,219.9,272.95,219.9,263.3,261.1,263.3,1802,16440.26,222.26,47650.0,28000.0,17957.45,18002.5,17868.15,17965.95,17833.35,17944.25,-0.002367,0.000139,2.5,PE,318.25,318.25,252.1,260.8,268.25,260.8,22,0.0537696064564222,0.1491174522498447,0.0220982663780954,-0.01451119869194,-0.4895954768825547,0.0006032125,-5.9742,17.5709,-546.9707857589781,0.0003868756,0.0742,-0.0378
NIFTY,2022-08-18,2022-08-18,PE,17950,65.0,109.0,0.05,3.65,0.05,17956.5,5602826,50369668.98,84305.63,5343300.0,3626050.0,CE,39.0,47.5,2.85,7.2,6.35,17956.5,12717310,114212055.46,74198.21,3532900.0,958100.0,17919.0,17953.55,17898.65,17968.45,17852.05,17956.5,-0.001729,0.000198,3.5499999999992724,PE,65.0,109.0,0.05,3.65,0.05,17956.5,0,0.0,0.0,inf,inf,0.0,0.0,0.0,0.0,0.0,0.0,0.0,0.0
NIFTY,2022-08-19,2022-09-01,PE,17800,120.0,235.15,110.0,203.05,220.0,203.05,84973,763939.8,7680.1,741400.0,537450.0,CE,322.8,328.85,176.1,194.9,179.95,194.9,57970,522220.0,6287.0,669550.0,591300.0,18014.0,17791.85,17966.55,17992.2,17710.75,17758.45,0.011951,-0.000458,-8.150000000001455,CE,322.8,328.85,176.1,194.9,179.95,194.9,13,0.0527573329444781,0.1487550434181209,-0.0022764731751997,-0.030349997886691,0.4981548922653325,0.0007972139,-7.664,13.3702,308.7307452605828,0.0008124186,-0.1434,0.0062
NIFTY,2022-08-19,2022-09-08,PE,17800,166.05,277.5,160.5,256.35,260.55,256.35,6548,59014.34,737.14,48500.0,13550.0,CE,385.2,385.2,235.7,263.75,240.0,263.75,3517,31802.12,500.82,43350.0,32050.0,18013.35,17807.4,17966.55,17992.2,17710.75,17758.45,0.011915,0.000416,7.400000000001455,PE,166.05,277.5,160.5,256.35,260.55,256.35,20,0.0502357212928165,0.1568345830275714,0.0296777843005291,-0.0070344147346183,-0.4868201271607701,0.0006082925,-6.5173,16.5765,-489.0602761918944,0.0001783649,0.05,-0.0221
NIFTY,2022-08-23,2022-09-08,PE,17650,352.7,369.8,218.15,233.45,220.15,233.45,204,1828.65,28.35,3750.0,-650.0,CE,117.45,250.0,117.45,232.85,239.45,232.85,809,7219.73,80.31,8900.0,2850.0,17548.65,17649.4,17357.35,17625.55,17345.2,17577.5,-0.005759,-3.4e-05,-0.5999999999985448,CE,117.45,250.0,117.45,232.85,239.45,232.85,16,0.0931232113906484,0.1588052665390396,0.0156020606858346,-0.0176469295301047,0.5041618171460142,0.0006769802,-7.315,14.6801,379.8489216467363,0.0004414572,-0.033,-0.0255
NIFTY,2022-08-24,2022-09-01,PE,17650,214.6,285.1,153.4,160.8,165.0,160.8,22446,200294.37,2208.42,105300.0,15050.0,CE,135.45,166.8,116.6,155.9,155.8,155.9,44334,394447.94,3200.39,248250.0,73650.0,17602.0,17645.1,17525.45,17623.65,17499.25,17604.95,-0.002723,-0.000278,-4.900000000001455,CE,135.45,166.8,116.6,155.9,155.8,155.9,8,0.1039342946844798,0.152263446966829,-0.0010463085559736,-0.0235884005847753,0.498445823533602,0.001000696,-9.9176,10.3978,189.35274481998024,0.0006166281,-0.1624,0.0017
NIFTY,2022-08-25,2022-09-08,PE,17550,176.55,260.0,117.5,234.55,236.0,234.55,1401,12415.41,121.64,9300.0,-1550.0,CE,309.95,360.0,208.25,233.05,220.0,233.05,1216,10839.54,169.14,25600.0,5050.0,17689.5,17548.5,17679.0,17726.5,17487.45,17522.45,0.007917,-8.5e-05,-1.5,CE,309.95,360.0,208.25,233.05,220.0,233.05,14,0.0387306781931137,0.1707734134030614,0.0141671442293166,-0.0192783674647585,0.504901065404566,0.0006786463,-8.3615,13.6892,330.9065439883831,0.0004496466,-0.0805,-0.0219
NIFTY,2022-08-26,2022-09-08,PE,17600,193.75,226.15,153.0,198.1,185.9,198.1,42481,377769.59,3936.79,360350.0,241800.0,CE,239.95,269.5,183.25,206.5,215.0,206.5,24293,216542.97,2764.57,234950.0,76450.0,17651.4,17608.4,17619.3,17685.85,17519.35,17558.9,0.002916,0.000477,8.400000000001455,PE,193.75,226.15,153.0,198.1,185.9,198.1,13,0.0790398245043695,0.1530288231084512,0.0309621152981008,0.0020820292963766,-0.4862790153919698,0.0007819175,-7.7991,13.2137,-312.0243682501067,-5.40995e-05,0.0268,0.0056
NIFTY,2022-08-30,2022-09-15,PE,17800,400.0,443.95,225.0,233.75,238.2,233.75,735,6637.19,95.69,21150.0,12900.0,CE,93.15,250.3,93.15,234.2,234.75,234.2,7592,68201.47,632.67,101550.0,34000.0,17362.9,17800.45,17414.95,17777.65,17401.5,17759.3,-0.024863,2.5e-05,0.4500000000007276,PE,400.0,443.95,225.0,233.75,238.2,233.75,16,0.0527976036968242,0.1577408644576498,0.0172785402941061,-0.0157475965167715,-0.4919672674020016,0.0006769418,-7.328,14.8315,-394.1255362788165,0.0003972923,0.0975,-0.0256
NIFTY,2022-08-30,2022-09-22,PE,17800,480.0,480.0,249.3,282.0,276.0,282.0,18,163.04,2.84,1550.0,600.0,CE,144.5,300.05,144.5,288.25,294.2,288.25,591,5336.41,76.51,12700.0,6100.0,17501.0,17806.25,17414.95,17777.65,17401.5,17759.3,-0.01694,0.000351,6.25,PE,480.0,480.0,249.3,282.0,276.0,282.0,23,0.0418987767522918,0.1603457326925222,0.0288472729343317,-0.0114035618849574,-0.4872051819328006,0.0005549264,-6.2133,17.7776,-564.4323905586734,0.0002828563,0.0564,-0.0365
NIFTY,2022-09-01,2022-09-01,PE,17550,65.15,105.5,2.0,12.7,6.9,17542.8,6614970,58153792.74,107430.99,2706050.0,337000.0,CE,30.25,162.5,0.05,5.4,0.05,17542.8,6517904,57290548.44,95940.84,6081300.0,5511500.0,17515.1,17542.7,17485.7,17695.6,17468.45,17542.8,-0.001991,-0.000416,-7.299999999999272,CE,30.25,162.5,0.05,5.4,0.05,17542.8,0,0.0,0.0,-inf,-inf,0.0,0.0,0.0,0.0,0.0,0.0,0.0,0.0
NIFTY,2022-09-01,2022-09-08,PE,17550,171.95,256.35,116.95,179.4,167.75,179.4,94009,833582.54,8653.57,343750.0,176900.0,CE,158.05,269.55,153.35,184.85,198.95,184.85,97013,860652.61,9363.54,435850.0,358500.0,17536.1,17555.45,17485.7,17695.6,17468.45,17542.8,-0.000792,0.00031,5.450000000000728,PE,171.95,256.35,116.95,179.4,167.75,179.4,7,0.0375863281740959,0.1879326489575396,0.0249431058057595,-0.0010827382416844,-0.489697054838936,0.0008722583,-13.0156,9.6889,-168.3116864727386,2.29606e-05,0.0297,-0.0014
NIFTY,2022-09-02,2022-09-15,PE,17550,212.05,279.75,188.35,233.7,230.05,233.7,7050,62684.2,820.45,57350.0,42850.0,CE,271.05,286.1,208.85,230.6,230.0,230.6,6644,59097.36,796.26,61300.0,41250.0,17592.1,17546.9,17598.4,17643.85,17476.45,17539.45,0.002396,-0.000177,-3.099999999998545,CE,271.05,286.1,208.85,230.6,230.0,230.6,13,0.0119233308717865,0.1757889001412767,0.0112628840110523,-0.0219125560864687,0.5042789497424175,0.0006849849,-8.9315,13.2046,306.94005702427074,0.0004970495,-0.1166,-0.0185
NIFTY,2022-09-02,2022-09-22,PE,17550,270.9,314.3,244.9,286.15,290.2,286.15,105,936.16,14.79,1650.0,1000.0,CE,315.75,335.9,265.8,294.15,291.25,294.15,128,1142.18,18.98,2000.0,1200.0,17654.6,17558.0,17598.4,17643.85,17476.45,17539.45,0.005942,0.000456,8.0,PE,270.9,314.3,244.9,286.15,290.2,286.15,20,0.0192912893399719,0.1771837422591976,0.0317258596565083,-0.0097497172605316,-0.4868304565218492,0.0005469718,-7.2594,16.371,-484.05030456599553,0.0002191798,0.0448,-0.0286
NIFTY,2022-09-02,2022-09-29,PE,17550,303.2,370.3,279.8,328.5,331.55,328.5,6297,56281.05,1024.88,67550.0,28350.0,CE,371.25,391.15,310.0,335.95,338.0,335.95,6931,62018.41,1198.89,78300.0,34350.0,17611.3,17557.45,17598.4,17643.85,17476.45,17539.45,0.003487,0.000424,7.450000000000728,PE,303.2,370.3,279.8,328.5,331.55,328.5,27,0.0138663730795669,0.174614248659328,0.032682299124386,-0.0148091180537999,-0.4864647315034258,0.0004777009,-6.1569,19.0208,-656.105832137104,0.0003378175,0.0466,-0.0527
NIFTY,2022-09-05,2022-09-22,PE,17700,366.0,366.0,271.95,278.85,282.0,278.85,755,6790.7,108.95,20500.0,16350.0,CE,225.95,285.0,225.95,275.6,272.0,275.6,1345,12082.25,179.0,29800.0,17850.0,17576.95,17696.75,17546.45,17683.15,17540.35,17665.8,-0.006976,-0.000184,-3.25,CE,225.95,285.0,225.95,275.6,272.0,275.6,17,0.0375829726961039,0.1822593508888615,0.0149984368119473,-0.0243355391170333,0.5050983676865628,0.0005720575,-8.1666,15.208,403.4821733682386,0.0005316823,-0.085,-0.0305
NIFTY,2022-09-05,2022-09-29,PE,17700,386.7,388.45,307.3,315.8,319.1,315.8,31348,282582.16,5152.36,731850.0,13250.0,CE,257.85,333.0,249.15,322.05,319.8,322.05,41459,373379.67,6467.52,1044350.0,111050.0,17564.8,17706.25,17546.45,17683.15,17540.35,17665.8,-0.007668,0.000353,6.25,PE,386.7,388.45,307.3,315.8,319.1,315.8,24,0.0347832456131028,0.1765126195558755,0.0304310725754157,-0.0148310533772163,-0.4867471101182447,0.0004964256,-6.6578,18.0635,-587.4585374861265,0.0003342812,0.0618,-0.0462
NIFTY,2022-09-07,2022-09-29,PE,17650,339.0,379.75,293.4,304.95,303.0,304.95,3794,34098.91,616.86,54700.0,-14000.0,CE,252.95,320.55,248.6,302.6,308.75,302.6,4656,41772.6,683.4,91450.0,14500.0,17566.45,17647.65,17519.4,17650.75,17484.3,17624.4,-0.004745,-0.000133,-2.349999999998545,CE,252.95,320.55,248.6,302.6,308.75,302.6,22,0.021872201487058,0.1759800751891946,0.0185202850248179,-0.0246841576373771,0.5067196409532719,0.0005224536,-6.9119,17.259,520.7557154303273,0.0005587504,-0.0705,-0.0448
NIFTY,2022-09-08,2022-09-08,PE,17800,105.55,125.0,0.85,6.9,1.25,17798.75,6733502,60056377.29,128209.49,3861050.0,3361250.0,CE,36.6,46.8,0.05,5.85,0.05,17798.75,13971631,124447761.65,100245.75,7770050.0,1089050.0,17740.0,17798.95,17748.15,17807.65,17691.95,17798.75,-0.003376,-5.9e-05,-1.0499999999992724,CE,36.6,46.8,0.05,5.85,0.05,17798.75,0,0.0,0.0,-inf,-inf,0.0,0.0,0.0,0.0,0.0,0.0,0.0,0.0
NIFTY,2022-09-09,2022-09-15,PE,17850,129.2,176.8,96.7,134.85,143.75,134.85,880684,7916621.88,56517.18,1146000.0,922350.0,CE,160.0,193.25,117.15,134.25,132.0,134.25,802881,7223455.97,57743.04,1444100.0,112950.0,17894.8,17849.4,17923.35,17925.95,17786.0,17833.35,0.002507,-3.4e-05,-0.5999999999985448,CE,160.0,193.25,117.15,134.25,132.0,134.25,6,0.0547253261503687,0.1474997119560012,0.0076781672917428,-0.0112330883378188,0.5026107662045335,0.0011807626,-11.2217,9.1214,145.26667680656382,0.0003035391,-0.1087,-0.0053
NIFTY,2022-09-09,2022-09-22,PE,17850,175.0,243.3,167.15,206.7,214.0,206.7,7370,66525.26,748.01,149700.0,146100.0,CE,247.05,252.4,191.0,211.75,213.3,211.75,4856,43869.32,529.52,55550.0,46050.0,17920.05,17855.05,17923.35,17925.95,17786.0,17833.35,0.003917,0.000283,5.049999999999272,PE,175.0,243.3,167.15,206.7,214.0,206.7,13,0.0341438285747907,0.1558460015650785,0.0243235675044692,-0.0050881853718798,-0.4897013782061866,0.0007585278,-8.0555,13.4227,-318.77932026149773,0.0001300531,0.0452,-0.0107
NIFTY,2022-09-09,2022-10-06,PE,17900,301.15,335.5,284.35,305.0,305.0,419.55,26,236.65,3.95,700.0,500.0,CE,325.0,331.55,280.0,299.3,303.3,299.3,102,928.65,15.75,2300.0,1800.0,17923.85,17894.3,17923.35,17925.95,17786.0,17833.35,0.001332,-0.000318,-5.700000000000728,CE,325.0,331.55,280.0,299.3,303.3,299.3,27,0.0461241924965113,0.1561279494548653,0.0137315304778335,-0.0287320006352653,0.5037562012549179,0.0005231865,-5.6131,19.3481,644.6760516654472,0.0007315981,-0.054,-0.0489
NIFTY,2022-09-12,2022-09-15,PE,17950,131.45,166.9,93.0,117.3,120.65,117.3,896817,8100110.81,51178.23,1302050.0,817250.0,CE,93.25,144.95,85.55,114.8,107.9,114.8,1107490,10006172.81,66450.06,1952800.0,445950.0,17875.0,17947.5,17890.85,17980.55,17889.15,17936.35,-0.004187,-0.000139,-2.5,CE,93.25,144.95,85.55,114.8,107.9,114.8,3,0.0756096894281312,0.178872043069922,-0.0004808879107437,-0.0166973705940892,0.4994976444523455,0.0013698705,-19.3517,6.4872,72.7391832003132,0.0003721738,-0.3672,0.0003
NIFTY,2022-09-12,2022-09-22,PE,17950,220.95,224.2,167.85,192.05,196.0,192.05,9567,86769.15,905.32,100500.0,93150.0,CE,173.25,223.0,169.65,195.35,193.0,195.35,12781,116000.64,1291.17,124400.0,84200.0,17894.95,17953.3,17890.85,17980.55,17889.15,17936.35,-0.003072,0.000184,3.2999999999992724,PE,220.95,224.2,167.85,192.05,196.0,192.05,10,0.0344765159871056,0.1635578857583183,0.0203263773760303,-0.0067459165001571,-0.4914271043113795,0.0008198621,-9.693,11.8415,-246.9804982414181,0.0001643537,0.066,-0.0099
NIFTY,2022-09-13,2022-09-29,PE,18100,270.05,272.55,228.45,235.15,232.05,235.15,32337,296553.89,3904.04,312850.0,195100.0,CE,209.85,252.35,202.65,238.45,239.55,238.45,46151,423097.67,5431.12,692650.0,176600.0,18032.55,18103.3,18044.45,18088.3,18015.45,18070.05,-0.003733,0.000182,3.2999999999992724,PE,270.05,272.55,228.45,235.15,232.05,235.15,16,0.0419378265282947,0.1569081291837877,0.021975175425806,-0.0108766119596619,-0.490331638667127,0.0006694067,-7.4126,15.0896,-399.42008440983017,0.0002759656,0.07,-0.023
NIFTY,2022-09-14,2022-09-15,PE,18000,175.0,248.0,45.05,78.7,81.0,78.7,3269556,29569804.73,143800.73,5242750.0,-2018000.0,CE,41.0,134.9,20.0,86.0,79.0,86.0,4417749,39938740.08,178999.08,5310100.0,1600700.0,17760.0,18007.3,17771.15,18091.55,17771.15,18003.75,-0.013423,0.000405,7.299999999999272,PE,175.0,248.0,45.05,78.7,81.0,78.7,1,0.0719640223874114,0.2189624592961259,0.0411089816996962,0.0296479627652184,-0.4835091682581466,0.001931015,-41.1325,3.7563,-24.06958357632766,-0.0005396133,-2.1215,0.0209
NIFTY,2022-09-14,2022-10-06,PE,18050,350.0,350.0,299.6,299.65,299.65,375.95,11,101.13,1.86,350.0,-200.0,CE,341.45,354.8,256.85,298.85,296.6,298.85,52,477.44,8.14,1950.0,1800.0,18041.45,18049.2,17771.15,18091.55,17771.15,18003.75,-0.000474,-4.4e-05,-0.7999999999992724,CE,341.45,354.8,256.85,298.85,296.6,298.85,22,0.0418305418912021,0.1697135923209015,0.0197692336257131,-0.0218967399826091,0.5066073523288027,0.0005290427,-6.8173,17.63,533.123721298349,0.0005133258,-0.0511,-0.045
NIFTY,2022-09-15,2022-09-15,PE,17900,20.0,75.0,2.9,13.85,22.7,17877.4,12783940,114581441.69,165178.69,3086000.0,-2816050.0,CE,164.95,205.0,0.05,5.2,0.05,17877.4,8622363,77329635.13,159486.28,5288850.0,3639750.0,18062.05,17891.35,18046.35,18096.15,17861.5,17877.4,0.009012,-0.000483,-8.650000000001455,CE,164.95,205.0,0.05,5.2,0.05,17877.4,0,0.0,0.0,-inf,-inf,0.0,0.0,0.0,0.0,0.0,0.0,0.0,0.0
NIFTY,2022-09-16,2022-09-22,PE,17550,57.55,192.8,57.55,164.75,166.0,164.75,711401,6290661.25,48117.48,796750.0,589500.0,CE,325.85,331.7,151.0,167.0,166.35,167.0,265461,2353720.4,24300.13,967550.0,955650.0,17793.9,17552.25,17796.8,17820.05,17497.25,17530.85,0.013802,0.000128,2.25,PE,57.55,192.8,57.55,164.75,166.0,164.75,6,0.0742142795131401,0.1849978826863257,0.0172643130646041,-0.0064546637660243,-0.4925116661446149,0.0009569446,-13.8386,8.9656,-144.8126775007451,0.0001390024,0.1148,-0.0054
NIFTY,2022-09-19,2022-10-06,PE,17650,335.45,356.55,281.0,301.15,294.9,301.15,367,3293.49,54.71,6600.0,5800.0,CE,277.95,333.5,248.0,300.25,309.9,300.25,534,4794.57,82.02,12100.0,7950.0,17572.75,17649.1,17540.65,17667.2,17429.7,17622.25,-0.004386,-5.1e-05,-0.9000000000014552,CE,277.95,333.5,248.0,300.25,309.9,300.25,17,0.0326885931767894,0.1982006151231705,0.0201950195646356,-0.0225792918017963,0.5072831816011651,0.0005275392,-8.8562,15.1691,403.009051642184,0.0004536967,-0.08,-0.0349
NIFTY,2022-09-20,2022-10-06,PE,17850,302.65,302.65,231.75,273.4,287.35,273.4,799,7233.76,102.69,6100.0,4300.0,CE,249.75,334.3,247.05,270.05,262.3,270.05,825,7485.04,121.92,6800.0,2700.0,17772.3,17846.65,17770.4,17919.3,17744.4,17816.25,-0.004362,-0.000188,-3.349999999998545,CE,249.75,334.3,247.05,270.05,262.3,270.05,16,0.0388919671688458,0.182585141700364,0.0142040347833855,-0.0240237376468122,0.504805046880429,0.0005837006,-8.5046,14.8798,383.08072646391565,0.0005239634,-0.0895,-0.0278
NIFTY,2022-09-21,2022-10-06,PE,17750,244.45,325.0,228.7,277.25,276.7,277.25,1059,9544.17,145.55,8300.0,300.0,CE,323.0,349.8,263.5,281.7,289.05,281.7,981,8849.23,142.85,16100.0,13500.0,17841.4,17754.45,17766.35,17838.7,17663.6,17718.35,0.005136,0.000251,4.450000000000728,PE,244.45,325.0,228.7,277.25,276.7,277.25,15,0.0495271665383442,0.1950639632661018,0.0261109509438275,-0.0134326524034672,-0.4885889526189214,0.0005668845,-9.3331,14.3247,-367.8853933063082,0.0002740708,0.0892,-0.0258
NIFTY,2022-09-22,2022-09-29,PE,17650,211.75,255.95,137.0,174.4,170.0,174.4,137093,1222544.6,12698.88,529650.0,315850.0,CE,195.95,234.0,147.85,173.5,175.75,173.5,139806,1246913.56,13125.61,694750.0,558150.0,17634.2,17649.1,17609.65,17722.75,17532.45,17629.8,-0.000896,-5.1e-05,-0.9000000000014552,CE,195.95,234.0,147.85,173.5,175.75,173.5,7,0.0570515091600321,0.1785920990471543,0.0103043710476836,-0.0144279473849536,0.5035595111470761,0.0009129026,-12.4379,9.7395,167.11535662178017,0.0003219246,-0.1212,-0.0081
NIFTY,2022-09-22,2022-10-20,PE,17700,344.3,430.0,315.9,355.4,352.2,355.4,69,623.3,12.65,1450.0,600.0,CE,377.0,405.95,337.0,361.4,364.0,361.4,104,939.66,19.26,5950.0,1950.0,17732.7,17706.0,17609.65,17722.75,17532.45,17629.8,0.001846,0.000339,6.0,PE,344.3,430.0,315.9,355.4,352.2,355.4,28,0.0562219034701429,0.1840231749294356,0.0321340983056121,-0.0188347831356437,-0.485085904005436,0.0004399337,-6.4257,19.47,-686.1404108854238,0.0004063506,0.076,-0.064
NIFTY,2022-09-26,2022-10-06,PE,17050,192.95,292.9,182.9,254.0,250.95,254.0,14968,129392.28,1790.08,87300.0,63350.0,CE,337.0,354.5,240.05,254.05,240.05,254.05,8329,72167.16,1162.43,39650.0,38300.0,17310.0,17050.05,17156.3,17196.4,16978.3,17016.3,0.015134,3e-06,0.0499999999992724,PE,192.95,292.9,182.9,254.0,250.95,254.0,10,0.0723221245031701,0.2260860123227038,0.0187893757161722,-0.0186326473096071,-0.4915296684333129,0.0006239071,-12.725,11.2345,-236.56453390066235,0.0003280755,0.1709,-0.0174
NIFTY,2022-09-27,2022-10-20,PE,17050,382.6,382.6,327.9,329.0,329.0,360.8,4,34.78,0.68,100.0,100.0,CE,416.3,416.3,374.65,393.4,393.4,381.7,7,61.06,1.38,200.0,200.0,17126.85,17056.4,17110.9,17176.45,16942.35,17007.4,0.004497,0.000375,6.400000000001455,PE,382.6,382.6,327.9,329.0,329.0,360.8,23,0.0456560472994688,0.1950891229755562,0.0321495885973234,-0.0168227160101648,-0.4857768079369742,0.0004759905,-7.2405,17.0232,-542.8379734349915,0.0003428461,0.0753,-0.0472
NIFTY,2022-09-28,2022-10-06,PE,16850,200.0,228.0,141.05,208.8,207.3,208.8,26893,229157.15,2583.62,131150.0,72300.0,CE,256.9,338.05,206.0,215.2,208.0,215.2,13440,114938.81,1706.81,107350.0,95450.0,16925.0,16856.4,16870.55,17037.6,16820.4,16858.6,0.004441,0.00038,6.400000000001455,PE,200.0,228.0,141.05,208.8,207.3,208.8,8,-0.0059543230100736,0.2129555202620565,0.0278087673772993,-0.0037185823012773,-0.488971146018773,0.0007504928,-13.2457,9.9532,-185.22958371936363,6.96446e-05,0.0309,-0.0048
NIFTY,2022-09-30,2022-10-13,PE,17100,415.25,457.8,196.0,243.9,238.6,243.9,12969,112470.73,1585.78,163400.0,136000.0,CE,130.0,292.4,109.05,236.65,238.0,236.65,22488,194628.87,2356.47,156750.0,79450.0,16816.25,17092.75,16798.05,17187.1,16747.7,17094.35,-0.016733,-0.000424,-7.25,CE,130.0,292.4,109.05,236.65,238.0,236.65,13,-0.0026280718139802,0.1866463411274368,0.0055732776325441,-0.0296512132455395,0.5022704161730825,0.0006626547,-9.2382,12.8701,297.345012629153,0.0006338215,-0.1674,-0.0114
NIFTY,2022-09-30,2022-10-20,PE,17100,480.0,496.15,258.3,305.05,296.2,305.05,425,3697.87,64.12,7300.0,4500.0,CE,191.85,354.85,184.65,303.2,303.2,303.2,510,4436.73,76.23,9550.0,5700.0,16827.25,17098.15,16798.05,17187.1,16747.7,17094.35,-0.016079,-0.000108,-1.8499999999985448,CE,191.85,354.85,184.65,303.2,303.2,303.2,20,0.0040564451435595,0.1905162880563721,0.0198722022459148,-0.0247242875814176,0.507814454965314,0.0005229715,-7.6035,15.9605,459.1500010939636,0.0005175108,-0.0879,-0.0412
NIFTY,2022-09-30,2022-10-27,PE,17100,514.05,557.3,303.0,349.8,352.6,349.8,29223,255057.12,5200.47,674150.0,292800.0,CE,250.0,412.0,216.0,353.3,354.0,353.3,33492,292014.54,5657.94,714650.0,291650.0,16784.0,17103.5,16798.05,17187.1,16747.7,17094.35,-0.018652,0.000205,3.5,PE,514.05,557.3,303.0,349.8,352.6,349.8,27,0.0072340481870149,0.1895733688433588,0.0297492994502983,-0.0218106849996483,-0.4878723562233675,0.0004519472,-6.5121,18.5398,-643.1270653207831,0.0004585402,0.0623,-0.0635
NIFTY,2022-10-03,2022-10-20,PE,16900,242.05,320.0,228.5,299.75,299.5,299.75,1765,15161.1,246.85,37450.0,29050.0,CE,392.0,414.55,285.0,292.0,291.4,292.0,1745,15036.86,291.61,31700.0,28900.0,17060.9,16892.25,17102.1,17114.65,16855.55,16887.35,0.009476,-0.000459,-7.75,CE,392.0,414.55,285.0,292.0,291.4,292.0,17,0.0062289596733474,0.2034543485234978,0.0115075975075549,-0.0324005389388959,0.504444397283157,0.0005376787,-8.7023,14.5385,383.2779003179592,0.0006350977,-0.1356,-0.0266
NIFTY,2022-10-03,2022-10-27,PE,16900,300.0,382.75,273.05,361.35,364.5,361.35,39074,336712.43,6537.13,1057550.0,7700.0,CE,409.45,471.55,340.1,353.7,350.95,353.7,24984,216002.78,4887.98,766650.0,80200.0,17028.1,16892.35,17102.1,17114.65,16855.55,16887.35,0.007551,-0.000453,-7.650000000001455,CE,409.45,471.55,340.1,353.7,350.95,353.7,24,0.0045022109267983,0.206923118602617,0.0179969977382217,-0.035063119324617,0.5070292547350557,0.0004448903,-7.4483,17.2727,539.9156606505414,0.0006756981,-0.104,-0.0527
NIFTY,2022-10-04,2022-10-27,PE,17300,408.55,417.35,312.6,322.1,317.0,322.1,-,250448.61,4814.56,645750.0,242700.0,CE,249.95,324.0,228.15,314.75,321.65,314.75,-,367491.0,6292.95,740050.0,339250.0,17124.4,17292.65,17147.45,17287.3,17117.3,17274.3,-0.010202,-0.000425,-7.349999999998545,CE,249.95,324.0,228.15,314.75,321.65,314.75,23,0.0168488425558952,0.1840348700620971,0.0139002272416268,-0.032297180269451,0.5050087532764027,0.0004988016,-6.9277,17.2976,530.461340888595,0.0006993128,-0.0936,-0.0422
NIFTY,2022-10-07,2022-11-03,PE,17350,336.05,336.05,336.0,336.0,336.0,336.0,10,88.43,1.68,500.0,450.0,CE,357.4,357.4,340.0,341.3,341.3,341.3,5,44.24,0.86,550.0,250.0,17301.05,17355.3,17287.2,17337.35,17216.95,17314.65,-0.002825,0.000305,5.299999999999272,PE,336.05,336.05,336.0,336.0,336.0,336.0,27,0.0317005377621707,0.1802954382636917,0.0307468827697982,-0.0182896989504613,-0.4865933146290487,0.0004674488,-6.2844,18.7782,-649.5513919491672,0.0004035601,0.0646,-0.0586
NIFTY,2022-10-13,2022-10-27,PE,17000,238.85,319.55,231.9,263.7,274.95,263.7,170449,1472225.96,23409.46,4886300.0,744150.0,CE,314.85,317.45,241.35,269.1,277.9,269.1,155654,1344016.47,20957.47,3433350.0,1004750.0,17071.45,17005.4,17087.35,17112.35,16956.95,17014.35,0.004194,0.000318,5.400000000001455,PE,238.85,319.55,231.9,263.7,274.95,263.7,14,-0.0137178721829249,0.2004359168282865,0.0277180538508387,-0.0115367790098889,-0.4892008448098707,0.0005977117,-9.5075,13.2885,-329.20158747989285,0.0002296576,0.0533,-0.0212
NIFTY,2022-10-14,2022-10-27,PE,17200,201.0,236.0,156.8,227.6,218.8,227.6,124836,1085786.53,12196.93,1505200.0,564300.0,CE,205.0,323.85,205.0,220.2,227.35,220.2,105902,924901.98,14144.78,1377900.0,-173150.0,17204.0,17192.6,17322.3,17348.55,17169.75,17185.7,0.000233,-0.00043,-7.400000000001455,CE,205.0,323.85,205.0,220.2,227.35,220.2,13,0.011270526572408,0.1729960861121538,0.0031435853333642,-0.0295047860217491,0.5010529359892261,0.0007104451,-8.6127,12.939,298.9716127206755,0.0006801266,-0.1595,-0.0069
NIFTY,2022-10-17,2022-10-20,PE,17300,195.0,249.95,108.0,118.95,114.9,118.95,1662202,14491510.63,113463.33,5159900.0,3476200.0,CE,90.1,135.4,49.5,123.0,129.0,123.0,2978287,25916877.02,154694.47,6779000.0,2206600.0,17128.9,17304.05,17144.8,17328.55,17098.55,17311.8,-0.009939,0.000234,4.049999999999272,PE,195.0,249.95,108.0,118.95,114.9,118.95,3,-0.0544788981013764,0.1932193144906984,0.0221212744038573,0.0046040726447123,-0.4913955918703022,0.0013163936,-20.1495,6.2598,-70.86644415588492,-9.50802e-05,-0.1385,0.0033
NIFTY,2022-10-17,2022-10-27,PE,17300,296.0,325.9,197.25,210.1,202.0,210.1,95492,836861.3,10855.5,1993400.0,678700.0,CE,155.95,219.3,127.0,206.5,211.0,206.5,143369,1253721.85,13580.0,2331750.0,648350.0,17183.95,17296.4,17144.8,17328.55,17098.55,17311.8,-0.006731,-0.000208,-3.599999999998545,CE,155.95,219.3,127.0,206.5,211.0,206.5,10,-0.0324836331909828,0.1821996434380896,0.008178132986252,-0.0219797665758709,0.50371065085341,0.0007654648,-10.4045,11.4312,233.03783492550625,0.0004816789,-0.1765,-0.0113
NIFTY,2022-10-17,2022-11-03,PE,17300,350.0,378.0,259.0,267.0,263.25,267.0,2972,26133.37,425.57,41550.0,29900.0,CE,206.45,286.4,195.0,272.45,276.6,272.45,4687,41136.15,593.6,41100.0,15150.0,17181.85,17305.45,17144.8,17328.55,17098.55,17311.8,-0.006853,0.000315,5.450000000000728,PE,350.0,378.0,259.0,267.0,263.25,267.0,17,-0.0078768958726217,0.1809979773814908,0.0275945010866269,-0.0114672537742197,-0.4891722130122236,0.0005901595,-7.9287,14.8993,-406.7119527388524,0.0002527492,0.0453,-0.026
NIFTY,2022-10-18,2022-10-27,PE,17500,231.1,231.1,166.35,177.1,171.05,177.1,178737,1580369.45,16420.7,2219400.0,1053800.0,CE,130.05,205.0,129.15,176.8,177.05,176.8,254480,2249379.82,22679.82,3198600.0,605150.0,17405.45,17499.7,17438.75,17527.8,17434.05,17486.95,-0.005418,-1.7e-05,-0.2999999999992724,CE,130.05,205.0,129.15,176.8,177.05,176.8,9,0.0295588949627265,0.1615322270999785,0.0120066207328519,-0.0133583288471692,0.5044220518169091,0.000898044,-9.8372,10.9539,213.298386725315,0.0003296516,-0.0931,-0.0109
NIFTY,2022-10-18,2022-11-03,PE,17500,275.95,275.95,228.7,241.0,235.8,241.0,6319,56071.62,780.37,80800.0,72650.0,CE,210.7,270.95,210.0,246.5,248.0,246.5,8370,74268.51,1031.01,121100.0,53100.0,17454.05,17505.5,17438.75,17527.8,17434.05,17486.95,-0.002629,0.000314,5.5,PE,275.95,275.95,228.7,241.0,235.8,241.0,16,0.0241864696321692,0.166906769521553,0.026464859976789,-0.0084803384271437,-0.4889246338518189,0.0006512316,-7.6238,14.6011,-385.7477200806774,0.0002024122,0.0504,-0.0196
NIFTY,2022-10-19,2022-10-20,PE,17500,74.6,88.45,36.0,64.2,55.7,64.2,5451712,47849996.77,147516.77,6405550.0,1383550.0,CE,105.55,135.0,49.75,62.4,72.0,62.4,4020660,35357509.66,176734.66,7315350.0,-789650.0,17530.75,17498.2,17568.15,17607.6,17472.85,17512.25,0.001756,-0.000103,-1.7999999999992724,CE,105.55,135.0,49.75,62.4,72.0,62.4,1,-0.2929554047605152,0.173082980468738,-0.0068242105810537,-0.0158837878381089,0.4976768389057294,0.0025185305,-31.6207,3.6568,23.68780505389197,0.0003663939,-1.3031,0.0023
NIFTY,2022-10-19,2022-10-27,PE,17500,155.0,180.0,124.25,162.95,157.95,162.95,314121,2771763.52,23204.77,2863700.0,644300.0,CE,190.65,221.85,138.45,156.3,161.6,156.3,310279,2742783.18,27841.93,3489300.0,290700.0,17524.9,17493.35,17568.15,17607.6,17472.85,17512.25,0.001422,-0.00038,-6.650000000001455,CE,190.65,221.85,138.45,156.3,161.6,156.3,8,-0.0492671220484746,0.1542864035440188,-0.0052186941013674,-0.0280602780584138,0.498456007643829,0.0009994795,-9.9628,10.343,187.6901944577025,0.0007263358,-0.2802,0.0098
NIFTY,2022-10-19,2022-11-03,PE,17500,219.9,246.0,190.25,229.65,223.95,229.65,17360,153754.61,1854.61,176150.0,95350.0,CE,264.6,291.0,215.0,231.9,236.0,231.9,11395,101151.34,1445.09,175550.0,54450.0,17511.2,17502.25,17568.15,17607.6,17472.85,17512.25,0.00064,0.000129,2.25,PE,219.9,246.0,190.25,229.65,223.95,229.65,15,-0.0138990041239585,0.1629607840584613,0.0204094582028573,-0.0126261496976194,-0.4921393952274738,0.0006902263,-7.6873,14.1599,-363.4190430851973,0.0003092114,0.0545,-0.0224
NIFTY,2022-10-20,2022-10-20,PE,17550,124.9,150.0,0.05,6.0,0.05,17563.95,3909172,34367987.49,65003.19,4321500.0,3289600.0,CE,27.65,29.7,0.95,6.2,14.15,17563.95,12922555,113443365.68,47945.56,4385450.0,775700.0,17446.0,17550.2,17423.1,17584.15,17421.0,17563.95,-0.005944,1.1e-05,0.2000000000007276,PE,124.9,150.0,0.05,6.0,0.05,17563.95,0,0.0,0.0,inf,inf,0.0,0.0,0.0,0.0,0.0,0.0,0.0,0.0
NIFTY,2022-10-20,2022-11-03,PE,17550,247.6,302.1,205.6,214.45,207.3,214.45,1908,16970.19,227.49,33350.0,23000.0,CE,198.0,221.0,140.9,212.3,215.0,212.3,2540,22536.03,247.53,38450.0,16550.0,17521.5,17547.85,17423.1,17584.15,17421.0,17563.95,-0.001625,-0.000123,-2.150000000001455,CE,198.0,221.0,140.9,212.3,215.0,212.3,14,-0.0239093426949442,0.1554827894344827,0.0112020901185733,-0.0192487941767756,0.5049317397420802,0.0007472351,-7.6129,13.7222,331.71049382253005,0.0004943133,-0.1123,-0.019
NIFTY,2022-10-20,2022-11-10,PE,17550,294.3,340.4,255.0,266.9,261.9,266.9,153,1365.32,22.75,3550.0,2700.0,CE,253.15,328.0,226.9,271.1,260.2,271.1,75,667.77,9.65,3700.0,1100.0,17437.0,17554.2,17423.1,17584.15,17421.0,17563.95,-0.00646,0.000239,4.200000000000728,PE,294.3,340.4,255.0,266.9,261.9,266.9,21,-0.0096510943810221,0.1600768629595571,0.0254302703658351,-0.0129662421454051,-0.4901279603701872,0.0005920222,-6.4002,16.8018,-510.3692734670043,0.0003232186,0.0402,-0.0346
NIFTY,2022-10-21,2022-11-17,PE,17600,332.0,351.3,269.0,312.7,308.95,312.7,-,2622.31,43.91,4850.0,3950.0,CE,328.3,349.25,277.25,306.1,315.0,306.1,-,1371.03,24.63,3050.0,1600.0,17596.3,17593.4,17622.85,17670.15,17520.75,17576.3,-0.00021,-0.000375,-6.599999999998545,CE,328.3,349.25,277.25,306.1,315.0,306.1,27,0.0131457865653081,0.1622107577572137,0.0135574236612301,-0.0305605038652184,0.5049172293468644,0.000513432,-5.7338,19.0692,634.4712748273985,0.0007508077,-0.0757,-0.0487
NIFTY,2022-10-25,2022-10-27,PE,17650,37.75,74.3,24.8,64.85,65.0,64.85,1858092,16445434.48,47772.58,1373400.0,-263250.0,CE,150.0,164.0,64.85,71.8,70.0,71.8,955026,8471861.43,43756.98,2498100.0,1527300.0,17784.05,17656.95,17808.3,17811.5,17637.0,17656.35,0.007566,0.000394,6.950000000000728,PE,37.75,74.3,24.8,64.85,65.0,64.85,2,0.0062016294150423,0.1309621177815447,0.0454578135565874,0.0357635626706164,-0.4818548255670927,0.0023281805,-17.0542,5.2087,-46.9750096076138,-0.0010882826,-1.2975,0.0647
NIFTY,2022-10-27,2022-11-03,PE,17750,155.0,187.25,115.8,143.1,137.95,143.1,127989,1145460.79,9558.42,463400.0,319600.0,CE,151.0,208.6,108.1,139.85,149.0,139.85,153146,1369960.71,10789.96,820800.0,506750.0,17746.0,17746.75,17771.4,17783.9,17654.5,17736.95,-0.000225,-0.000183,-3.25,CE,151.0,208.6,108.1,139.85,149.0,139.85,7,0.0288019576871911,0.1443494018863368,0.0008348629543226,-0.0191553571733381,0.5000567712778397,0.0011239154,-10.1092,9.7992,167.5117048117208,0.0005291092,-0.1847,-0.0011
NIFTY,2022-10-28,2022-11-10,PE,17800,210.0,222.1,177.35,193.85,189.85,193.85,29686,267153.01,2947.61,248050.0,153400.0,CE,188.05,228.7,169.85,193.1,196.7,193.1,35270,317364.11,3461.11,302200.0,102450.0,17778.05,17799.25,17756.4,17838.9,17723.7,17786.8,-0.001234,-4.2e-05,-0.75,CE,188.05,228.7,169.85,193.1,196.7,193.1,13,0.0196457716756739,0.1444757462057998,0.0120875990981115,-0.0151783230388557,0.5044690301553835,0.000821396,-7.4461,13.3906,312.9285338341482,0.0004187967,-0.075,-0.017
NIFTY,2022-10-31,2022-11-03,PE,18000,175.0,175.0,95.6,100.7,99.05,100.7,1576834,14282354.47,90848.47,4454800.0,3865050.0,CE,71.55,115.0,64.4,107.2,110.05,107.2,2838337,25671098.99,126065.99,5611250.0,672700.0,17901.3,18006.5,17910.2,18022.8,17899.9,18012.2,-0.005498,0.000361,6.5,PE,175.0,175.0,95.6,100.7,99.05,100.7,3,-0.0385077754493776,0.1595472184740244,0.03219307978068,0.0177285795650227,-0.4873132487687958,0.0015314038,-17.3088,6.5113,-72.94937344835277,-0.0004432076,-0.4489,0.0233
NIFTY,2022-10-31,2022-11-24,PE,18050,302.45,305.5,255.5,267.4,255.5,267.4,1406,12885.6,196.45,34600.0,17450.0,CE,200.0,272.15,200.0,267.3,269.2,267.3,4260,38976.04,529.54,93200.0,-26950.0,17963.5,18049.9,17910.2,18022.8,17899.9,18012.2,-0.004804,-6e-06,-0.0999999999985448,CE,200.0,272.15,200.0,267.3,269.2,267.3,24,0.031798169021763,0.1451002246192806,0.0184547114976295,-0.0187525128866537,0.5063022431257274,0.0005926878,-5.5808,18.4231,583.3252413072232,0.0005144219,-0.0407,-0.0439
NIFTY,2022-11-01,2022-11-03,PE,18150,118.75,140.0,76.95,86.35,77.9,86.35,1239839,11313234.15,61695.22,1357500.0,1033100.0,CE,62.25,112.0,56.55,89.9,92.0,89.9,1872291,17069958.07,78917.24,2097250.0,104350.0,18086.0,18153.55,18130.7,18175.8,18060.15,18145.4,-0.003532,0.000196,3.5499999999992724,PE,118.75,140.0,76.95,86.35,77.9,86.35,2,0.0819514076849543,0.1644522534299576,0.0221523956387308,0.009979093690662,-0.490942688783699,0.0018040083,-22.035,5.3572,-49.30796049102481,-0.0002419133,-0.3228,0.0072
NIFTY,2022-11-03,2022-11-03,PE,18050,90.9,107.4,0.05,3.1,0.05,18052.7,8988671,81239364.9,116609.12,8074050.0,5630950.0,CE,70.0,76.65,2.05,10.9,2.6,18052.7,11242875,101580005.38,113058.5,3580900.0,2751750.0,18000.0,18057.8,17968.35,18106.3,17959.2,18052.7,-0.002774,0.000432,7.799999999999272,PE,90.9,107.4,0.05,3.1,0.05,18052.7,0,0.0,0.0,inf,inf,0.0,0.0,0.0,0.0,0.0,0.0,0.0,0.0
NIFTY,2022-11-03,2022-11-17,PE,18100,260.0,260.0,199.5,206.0,207.0,206.0,3615,33120.87,405.12,78600.0,14150.0,CE,181.15,245.25,177.75,202.9,204.0,202.9,5866,53699.09,611.79,111150.0,51200.0,18041.8,18096.9,17968.35,18106.3,17959.2,18052.7,-0.003221,-0.000171,-3.099999999998545,CE,181.15,245.25,177.75,202.9,204.0,202.9,14,0.0637549359943608,0.1449367840022144,0.0081584775927377,-0.0202270000272862,0.5020255725523627,0.0007746994,-7.3188,14.1044,340.68737788339547,0.0005553752,-0.0729,-0.0161
NIFTY,2022-11-04,2022-11-10,PE,18150,176.1,191.4,105.05,119.5,107.2,119.5,278376,2547184.47,20922.27,1368500.0,1159350.0,CE,109.15,126.85,70.9,111.05,124.35,111.05,637788,5816974.5,29048.4,1253050.0,646050.0,18101.85,18141.55,18053.4,18135.1,18017.15,18117.15,-0.002656,-0.000466,-8.450000000000728,CE,109.15,126.85,70.9,111.05,124.35,111.05,6,0.081874615327839,0.1243107801430284,-0.0212484342261991,-0.0371865869833809,0.4908626500279109,0.0013775746,-9.6104,9.2647,144.558208779517,0.0011915302,-0.4103,0.0589
NIFTY,2022-11-04,2022-11-24,PE,18200,292.3,313.0,230.0,243.2,230.0,243.2,22696,209630.26,3096.66,905250.0,74650.0,CE,213.4,253.35,182.85,237.9,252.95,237.9,41214,379349.61,4302.21,1416950.0,142500.0,18133.75,18194.7,18053.4,18135.1,18017.15,18117.15,-0.003647,-0.000291,-5.299999999999272,CE,213.4,253.35,182.85,237.9,252.95,237.9,20,0.0779519441586257,0.142153023777501,0.0078850325538622,-0.0253904734067727,0.5010011177240629,0.0006561029,-6.0382,16.9182,486.4474147008831,0.0007095063,-0.053,-0.0238
NIFTY,2022-11-07,2022-12-01,PE,18300,281.0,330.0,252.65,260.45,257.25,260.45,56,520.44,8.04,1800.0,650.0,CE,283.05,288.5,209.3,257.95,254.3,257.95,206,1910.69,25.79,4250.0,2550.0,18302.05,18297.5,18211.75,18255.5,18064.75,18202.8,0.000112,-0.000137,-2.5,CE,283.05,288.5,209.3,257.95,254.3,257.95,24,0.0789161951150276,0.1391896436684547,0.0140179753633315,-0.0216736324031561,0.5029754519726208,0.0006076535,-5.4273,18.6194,588.1803828974842,0.0006179291,-0.0257,-0.0406
NIFTY,2022-11-09,2022-12-01,PE,18250,213.0,271.1,213.0,255.9,255.95,255.9,51,471.3,5.93,1300.0,550.0,CE,307.5,307.5,235.95,250.7,235.95,250.7,58,537.31,8.06,1700.0,1200.0,18338.8,18244.8,18288.25,18296.4,18117.5,18157.0,0.004854,-0.000285,-5.200000000000728,CE,307.5,307.5,235.95,250.7,235.95,250.7,22,0.080033660037992,0.1424098244343674,0.0093305972496436,-0.0256320943374189,0.5012982376770831,0.0006223751,-5.7834,17.7828,536.160275843467,0.0007145626,-0.0443,-0.0299
NIFTY,2022-11-10,2022-11-17,PE,18050,130.0,162.0,108.25,129.7,139.05,129.7,121407,1103988.2,8290.02,609700.0,463100.0,CE,190.0,190.05,110.15,133.1,139.7,133.1,138877,1262850.9,9485.98,818200.0,763950.0,18091.95,18053.4,18044.35,18103.1,17969.4,18028.2,0.002321,0.000188,3.400000000001455,PE,130.0,162.0,108.25,129.7,139.05,129.7,7,0.0728349193855236,0.1319063162821659,0.0194443263695044,0.00117728636621,-0.4915562226251969,0.0012077976,-9.3957,9.9582,-172.67823764782304,-3.55499e-05,0.0236,0.0017
NIFTY,2022-11-10,2022-11-24,PE,18100,189.7,240.0,180.0,200.7,204.0,200.7,70095,641776.91,7417.16,1097300.0,24950.0,CE,207.7,244.95,169.0,192.35,197.3,192.35,74208,678788.12,7205.72,1334450.0,319850.0,18158.85,18091.65,18044.35,18103.1,17969.4,18028.2,0.003246,-0.000461,-8.349999999998545,CE,207.7,244.95,169.0,192.35,197.3,192.35,14,0.0915969387700982,0.1394537535644201,-0.0032392614485155,-0.030550902368951,0.4969586847086675,0.0008045555,-7.04,14.0857,337.4753542712781,0.0008709151,-0.1128,0.01
NIFTY,2022-11-14,2022-12-01,PE,18400,196.9,207.95,173.75,203.25,207.8,203.25,3012,27995.49,285.09,49800.0,36400.0,CE,246.35,255.7,196.45,204.45,200.0,204.45,2817,26237.79,321.39,72600.0,38100.0,18437.4,18401.2,18376.4,18399.45,18311.4,18329.15,0.002031,6.5e-05,1.2000000000007276,PE,196.9,207.95,173.75,203.25,207.8,203.25,17,0.0842332221994897,0.12918210374128,0.0162788105841023,-0.0116003941548251,-0.4915736556153529,0.0007745013,-6.0187,15.7788,-430.7658021152295,0.0003567953,0.0909,-0.0231
NIFTY,2022-11-15,2022-12-08,PE,18450,425.0,425.0,236.4,236.4,236.4,374.9,16,150.06,2.46,200.0,200.0,CE,243.25,243.25,235.6,238.5,238.5,402.55,6,56.07,0.72,250.0,150.0,18455.1,18452.1,18362.75,18427.95,18282.0,18403.4,0.000276,0.000114,2.099999999998545,PE,425.0,425.0,236.4,236.4,236.4,374.9,23,0.0419393727337401,0.1288494174545418,0.0196910613255612,-0.0126534016759556,-0.4908460093881453,0.0006665495,-5.175,18.4264,-585.6203072305592,0.0003906636,0.0605,-0.0356
NIFTY,2022-11-16,2022-11-24,PE,18450,125.25,169.75,123.4,135.45,137.0,135.45,49735,462341.79,3536.42,243800.0,122500.0,CE,166.0,166.0,110.35,137.45,133.0,137.45,73382,681996.99,5048.04,422600.0,168450.0,18490.75,18452.0,18398.25,18442.15,18344.15,18409.65,0.002206,0.000108,2.0,PE,125.25,169.75,123.4,135.45,137.0,135.45,8,0.1048363054906272,0.1254766266332919,0.0151233018309189,-0.0034530913965866,-0.4928331801998276,0.001161068,-8.5457,10.8719,-202.28351425898344,0.0001095236,0.083,-0.0045
NIFTY,2022-11-16,2022-12-08,PE,18500,239.95,275.0,231.1,246.35,245.4,246.35,577,5409.41,72.16,10050.0,3050.0,CE,229.85,262.9,215.95,243.5,235.6,243.5,403,3775.78,48.03,19550.0,2250.0,18489.9,18497.15,18398.25,18442.15,18344.15,18409.65,-0.000546,-0.000154,-2.849999999998545,CE,229.85,262.9,215.95,243.5,235.6,243.5,22,0.0786688233826761,0.1358259093284746,0.0120529635437842,-0.0212933269684436,0.5024203455431422,0.0006436754,-5.5921,18.0297,545.4700814045436,0.0006224151,-0.0306,-0.0341
NIFTY,2022-11-17,2022-11-17,PE,18350,35.15,42.5,0.4,4.3,6.0,18343.9,12121534,111271465.17,56390.72,3526500.0,37050.0,CE,77.0,77.0,0.05,8.1,0.05,18343.9,5967751,54861201.84,107086.42,4853350.0,3245750.0,18373.0,18353.8,18358.7,18417.6,18312.95,18343.9,0.001253,0.000207,3.799999999999272,PE,35.15,42.5,0.4,4.3,6.0,18343.9,0,0.0,0.0,inf,inf,0.0,0.0,0.0,0.0,0.0,0.0,0.0,0.0
NIFTY,2022-11-17,2022-12-01,PE,18400,176.55,193.6,144.45,179.65,190.4,179.65,24242,225070.51,2044.11,267850.0,44700.0,CE,208.6,238.7,168.75,182.85,174.0,182.85,17721,164868.97,1835.77,304900.0,145200.0,18428.3,18403.2,18358.7,18417.6,18312.95,18343.9,0.001537,0.000174,3.200000000000728,PE,176.55,193.6,144.45,179.65,190.4,179.65,14,0.0841447110828116,0.1264690895492101,0.0194052087652625,-0.00536342078408,-0.4906727385445801,0.0008722306,-6.4933,14.3297,-353.2448739521112,0.0001686103,0.0691,-0.0118
NIFTY,2022-11-18,2022-11-24,PE,18350,104.75,162.0,80.2,99.45,98.8,99.45,845220,7805392.14,50498.64,940350.0,42550.0,CE,125.1,154.9,68.2,104.55,92.7,104.55,1110476,10242356.65,53739.35,2287500.0,1316300.0,18382.6,18355.1,18382.95,18394.6,18209.8,18307.65,0.001775,0.000278,5.099999999998545,PE,104.75,162.0,80.2,99.45,98.8,99.45,6,0.1574646352686845,0.1089128358146319,0.026882544034016,0.0129185948702007,-0.4880118727890284,0.0015519009,-8.518,9.3608,-148.88148405958793,-0.0004718079,-0.0795,0.0298
NIFTY,2022-11-18,2022-12-08,PE,18400,204.9,263.95,197.4,210.6,199.85,210.6,1075,10014.91,124.91,24000.0,5350.0,CE,250.0,250.0,176.3,215.55,206.0,215.55,1869,17388.88,194.08,41150.0,15350.0,18429.5,18404.95,18382.95,18394.6,18209.8,18307.65,0.001602,0.000269,4.950000000000728,PE,204.9,263.95,197.4,210.6,199.85,210.6,20,0.0967367692664585,0.124637744955736,0.023807317852131,-0.005368171454985,-0.4879100470618946,0.000738809,-5.354,17.0918,-503.5923200958498,0.0001708684,0.0666,-0.0175
NIFTY,2022-11-21,2022-12-08,PE,18250,180.3,214.95,173.45,199.35,197.15,199.35,429,3957.56,42.93,4950.0,-2250.0,CE,237.65,240.1,190.0,199.6,200.0,199.6,478,4411.04,49.29,12850.0,8100.0,18330.0,18250.25,18246.4,18262.3,18133.35,18159.95,0.004374,1.4e-05,0.25,PE,180.3,214.95,173.45,199.35,197.15,199.35,17,0.1064975250169586,0.1275854271961709,0.0142648126903433,-0.0132698081548886,-0.4918635739851791,0.0007898849,-5.8957,15.6336,-427.37456060691136,0.0004128338,0.1089,-0.0232
NIFTY,2022-11-22,2022-12-01,PE,18300,167.95,191.15,114.85,123.05,114.95,123.05,52221,481688.22,3866.07,1167150.0,598000.0,CE,112.0,134.85,98.65,127.75,134.85,127.75,115408,1062810.72,6827.52,1706600.0,439150.0,18237.95,18304.7,18179.15,18261.85,18137.7,18244.2,-0.003396,0.000257,4.700000000000728,PE,167.95,191.15,114.85,123.05,114.95,123.05,9,0.1342646893416338,0.109717030337312,0.0235196263525123,0.0062910708342807,-0.4889963199821744,0.0012604937,-6.9876,11.4259,-223.741997373331,-0.0002279306,0.0149,0.0154
NIFTY,2022-11-23,2022-12-08,PE,18350,160.0,182.1,146.55,168.85,178.0,168.85,674,6239.9,55.95,10900.0,7550.0,CE,163.95,193.0,155.55,168.2,155.95,168.2,1644,15228.46,144.76,22700.0,13000.0,18353.95,18349.35,18325.2,18325.4,18246.0,18267.25,0.000215,-3.5e-05,-0.6500000000014552,CE,163.95,193.0,155.55,168.2,155.95,168.2,15,0.1091182695516622,0.1140721540892027,0.0100306083802747,-0.0130942371255112,0.5017465261124562,0.0009359253,-5.6424,14.7727,371.4461347903948,0.0004558703,-0.0085,-0.017
NIFTY,2022-11-24,2022-11-24,PE,18450,134.8,158.15,0.05,6.5,0.05,18484.1,3176030,29348053.69,49176.94,5174800.0,4951300.0,CE,3.05,37.75,0.6,11.05,34.2,18484.1,7925317,73133243.22,22193.9,3150150.0,-1693300.0,18323.15,18454.55,18326.1,18529.7,18294.25,18484.1,-0.006899,0.000247,4.549999999999272,PE,134.8,158.15,0.05,6.5,0.05,18484.1,0,0.0,0.0,inf,inf,0.0,0.0,0.0,0.0,0.0,0.0,0.0,0.0
NIFTY,2022-11-28,2022-12-08,PE,18600,179.95,194.85,128.1,143.5,145.0,143.5,41140,385526.04,2924.04,430900.0,321600.0,CE,102.2,175.0,90.7,146.45,139.85,146.45,57872,542560.66,4351.06,540100.0,202750.0,18502.85,18602.95,18430.55,18614.25,18365.6,18562.75,-0.005237,0.000159,2.950000000000728,PE,179.95,194.85,128.1,143.5,145.0,143.5,10,0.0789599319923053,0.1182570690441945,0.0178890566918368,-0.0016849926501295,-0.4917986269753918,0.0010930463,-7.2623,12.2557,-254.5857358415193,5.67116e-05,0.0511,-0.0031
NIFTY,2022-11-29,2022-12-08,PE,18650,161.9,171.5,116.2,137.45,138.45,137.45,23546,221098.21,1531.76,143900.0,95550.0,CE,120.35,167.45,110.15,132.05,128.0,132.05,27777,261070.65,2050.13,215450.0,99500.0,18589.95,18644.6,18552.45,18678.1,18552.15,18618.05,-0.003225,-0.00029,-5.400000000001455,CE,120.35,167.45,110.15,132.05,128.0,132.05,9,0.057792464154391,0.1155008997914321,-0.0068983999542565,-0.0250351801637157,0.4965398749360654,0.0011780605,-7.4945,11.663,225.0181785788364,0.0008634679,-0.1735,0.0174
NIFTY,2022-11-30,2022-12-01,PE,18750,124.85,147.05,28.1,44.8,33.0,44.8,1025215,9653385.71,41995.09,3223850.0,2993200.0,CE,12.8,65.1,11.05,42.55,57.9,42.55,3047316,28604986.34,36398.84,3032200.0,-486650.0,18626.45,18747.75,18625.7,18816.05,18616.55,18758.35,-0.006611,-0.00012,-2.25,CE,12.8,65.1,11.05,42.55,57.9,42.55,1,-0.2063131118943711,0.1114715848945847,-0.0176505367801422,-0.0234852262024293,0.4932375397111103,0.0036485559,-21.8162,3.9164,25.217928863118345,0.0008408499,-1.8123,0.0146
NIFTY,2022-12-01,2022-12-08,PE,18850,115.05,156.6,99.25,116.55,115.2,116.55,172081,1632024.87,10161.44,761150.0,652250.0,CE,103.0,156.8,97.7,114.8,108.0,114.8,225197,2136395.66,13913.93,1217800.0,911000.0,18837.95,18848.25,18871.95,18887.6,18778.2,18812.5,-0.000639,-9.3e-05,-1.75,CE,103.0,156.8,97.7,114.8,108.0,114.8,7,0.098994720114425,0.111297705883736,0.0016829020187822,-0.0137301555432534,0.4997217431197156,0.0013706453,-8.2783,10.3934,178.43423447643298,0.0004912179,-0.0931,-0.0022
NIFTY,2022-12-01,2022-12-29,PE,18950,230.0,266.55,215.3,231.15,233.0,231.15,3714,35624.04,433.89,55100.0,36700.0,CE,241.45,267.45,209.9,229.1,224.85,229.1,4069,39040.49,486.71,72300.0,-7650.0,18961.45,18947.95,18871.95,18887.6,18778.2,18812.5,0.000604,-0.000108,-2.0499999999992724,CE,241.45,267.45,209.9,229.1,224.85,229.1,28,0.0935208702864344,0.1107010258045635,0.011801976817838,-0.0188588758808601,0.5011002762574469,0.0006817382,-4.1385,20.7854,710.7951866948454,0.0006747273,-0.0018,-0.0418
NIFTY,2022-12-02,2022-12-15,PE,18750,128.1,189.1,124.25,157.9,160.0,157.9,10389,98199.06,802.18,57550.0,27900.0,CE,224.1,228.25,139.3,159.6,152.0,159.6,9356,88488.56,776.06,120900.0,107300.0,18861.15,18751.7,18752.4,18781.95,18639.2,18696.1,0.00591,9.1e-05,1.7000000000007276,PE,128.1,189.1,124.25,157.9,160.0,157.9,13,0.083373553061868,0.1127832054466031,0.0149018992283168,-0.0063829058605889,-0.4925903167618445,0.0009964647,-6.1235,14.0747,-334.6095229284056,0.0002250848,0.0767,-0.0119
NIFTY,2022-12-05,2022-12-15,PE,18750,154.9,209.95,134.5,150.5,150.05,150.5,6972,65937.53,575.03,65950.0,8400.0,CE,152.0,175.0,111.05,155.45,155.0,155.45,11900,112408.4,845.9,153200.0,32300.0,18747.1,18754.95,18719.55,18728.6,18591.35,18701.05,-0.000155,0.000264,4.950000000000728,PE,154.9,209.95,134.5,150.5,150.05,150.5,10,0.1050486628570695,0.1238560631024728,0.0231262465216485,0.0026254450891059,-0.4893643432347166,0.0010343256,-7.6674,12.3456,-255.57465221179905,-8.43004e-05,0.0324,0.0061
NIFTY,2022-12-06,2022-12-22,PE,18750,210.0,238.85,189.65,196.05,189.65,196.05,132,1252.14,14.64,4500.0,-1500.0,CE,213.8,213.8,159.0,189.6,184.75,189.6,242,2289.95,21.2,11250.0,2150.0,18753.8,18743.55,18600.65,18654.9,18577.9,18642.75,0.000203,-0.000344,-6.450000000000728,CE,213.8,213.8,159.0,189.6,184.75,189.6,16,0.1230132734176781,0.1237911445303875,-0.0003158126945488,-0.0262339112753598,0.4971857615362367,0.0008167952,-6.0564,15.5716,400.1940296661245,0.0008408947,-0.0576,0.001
NIFTY,2022-12-07,2022-12-22,PE,18650,163.25,202.25,146.8,192.35,189.1,192.35,523,4923.38,46.4,7850.0,1850.0,CE,240.0,240.0,174.55,184.0,181.0,184.0,748,7051.18,76.08,16850.0,11900.0,18724.55,18641.65,18638.85,18668.3,18528.4,18560.5,0.003989,-0.000448,-8.349999999998545,CE,240.0,240.0,174.55,184.0,181.0,184.0,15,0.106158011401122,0.1252843050344464,-0.0049334087295353,-0.0303311950811088,0.4958638525455602,0.000838938,-6.296,15.0104,372.3185454120982,0.0009616188,-0.0939,0.0179
NIFTY,2022-12-08,2022-12-08,PE,18600,58.65,72.8,0.05,4.25,0.05,18609.35,12259177,114155836.77,145490.67,8936750.0,3656400.0,CE,40.0,54.75,4.6,13.1,9.5,18609.35,15749255,146644910.26,176838.76,5841300.0,-3551100.0,18581.35,18608.85,18570.85,18625.0,18536.95,18609.35,-0.001003,0.000476,8.849999999998545,PE,58.65,72.8,0.05,4.25,0.05,18609.35,0,0.0,0.0,inf,inf,0.0,0.0,0.0,0.0,0.0,0.0,0.0,0.0
NIFTY,2022-12-08,2022-12-15,PE,18650,150.85,167.7,99.05,105.3,104.0,105.3,104020,976253.91,6267.41,915900.0,646900.0,CE,104.15,136.45,89.05,109.0,110.0,109.0,176780,1658082.2,9608.7,1173900.0,677900.0,18609.85,18653.7,18570.85,18625.0,18536.95,18609.35,-0.002155,0.000198,3.700000000000728,PE,150.85,167.7,99.05,105.3,104.0,105.3,7,0.1241195664994631,0.1042164989527735,0.0209610818805453,0.0065286649271276,-0.4904694584970425,0.0014780081,-7.6699,10.2789,-177.48107193009497,-0.0002492693,-0.0069,0.0135
NIFTY,2022-12-09,2022-12-22,PE,18550,96.2,191.2,79.4,151.75,159.35,151.75,7072,66068.54,475.74,45700.0,11550.0,CE,260.85,266.0,128.15,149.85,143.75,149.85,6179,57844.81,534.58,44750.0,36900.0,18722.3,18548.1,18662.4,18664.7,18410.1,18496.6,0.009246,-0.000102,-1.9000000000014552,CE,260.85,266.0,128.15,149.85,143.75,149.85,13,0.0780658215612265,0.1082795301252205,0.0052048600539987,-0.0152299971103046,0.5006823816655656,0.0010496044,-5.8157,13.9258,325.4223002687765,0.0005595645,-0.046,-0.0102
NIFTY,2022-12-12,2022-12-29,PE,18600,213.1,269.95,169.65,181.6,176.0,181.6,62259,585240.36,6231.66,1352050.0,-230650.0,CE,174.0,207.0,126.0,184.3,185.35,184.3,73248,687543.76,6337.36,1703500.0,-173600.0,18553.95,18602.7,18402.15,18521.55,18345.7,18497.15,-0.002479,0.000145,2.700000000000728,PE,213.1,269.95,169.65,181.6,176.0,181.6,17,0.1221690493441006,0.1148831784033489,0.0182510867243864,-0.006542221009479,-0.4899236304393016,0.0008599162,-5.4109,15.9228,-432.941202483668,0.0002258579,0.0877,-0.0165
NIFTY,2022-12-13,2022-12-29,PE,18700,214.95,248.5,160.8,169.4,164.25,169.4,44710,422202.14,4163.64,1329200.0,-5050.0,CE,132.2,179.0,123.65,173.3,178.75,173.3,74685,704255.78,5951.03,2005900.0,-2400.0,18621.4,18703.9,18524.4,18617.25,18490.2,18608.0,-0.004212,0.000209,3.900000000001455,PE,214.95,248.5,160.8,169.4,164.25,169.4,16,0.1172668005338382,0.1102484552239173,0.0205755762219233,-0.0025070953352023,-0.4892705594682086,0.0009191098,-5.3813,15.5393,-408.5772083373183,9.02369e-05,0.0687,-0.0073
NIFTY,2022-12-14,2022-12-22,PE,18700,128.65,130.35,93.2,116.75,122.95,116.75,160159,1506165.14,8678.49,991400.0,668600.0,CE,107.85,151.0,107.5,125.4,121.1,125.4,207552,1954105.96,13494.76,1763300.0,980200.0,18679.2,18708.65,18671.25,18696.1,18632.9,18660.3,-0.001113,0.000462,8.650000000001455,PE,128.65,130.35,93.2,116.75,122.95,116.75,8,0.1180643277895961,0.1098300125729485,0.0365716121630059,0.0203116476064225,-0.484158803669703,0.0013071751,-7.5799,11.0138,-201.08950802497407,-0.0007353937,-0.1271,0.0745
NIFTY,2022-12-14,2022-12-29,PE,18750,158.95,178.65,132.6,167.25,169.0,167.25,7736,73112.56,587.56,136650.0,64100.0,CE,167.2,192.1,150.0,166.85,165.0,166.85,13665,129298.35,1188.97,242050.0,-35000.0,18758.25,18749.6,18671.25,18696.1,18632.9,18660.3,0.00044,-2.1e-05,-0.4000000000014552,CE,167.2,192.1,150.0,166.85,165.0,166.85,15,0.1161708956152739,0.1106930663119258,0.0102692158345234,-0.0121706168964629,0.5016958563593312,0.0009436309,-5.5947,15.0905,379.7156146110596,0.0004365218,-0.0005,-0.017
NIFTY,2022-12-15,2023-01-05,PE,18500,112.1,227.85,109.75,215.75,223.0,215.75,1407,13129.85,115.1,28350.0,-5150.0,CE,354.05,366.1,200.5,213.2,206.3,213.2,1067,10007.33,137.58,30600.0,20600.0,18748.95,18497.45,18614.4,18652.9,18387.7,18414.9,0.013367,-0.000138,-2.5499999999992724,CE,354.05,366.1,200.5,213.2,206.3,213.2,21,0.0777409192884878,0.1217035072186004,0.009874016378782,-0.0193181488797377,0.5016901306322087,0.0007354755,-5.1288,17.6206,521.6508242828304,0.0006303893,-0.0277,-0.0276
NIFTY,2022-12-16,2023-01-12,PE,18400,242.05,260.0,193.0,249.85,259.2,249.85,158,17.31,17.31,31.0,28.0,CE,313.45,324.0,241.2,244.55,246.35,244.55,70,9.64,9.64,30.0,30.0,18459.15,18394.7,18319.1,18440.95,18255.15,18269.0,0.00321,-0.000288,-5.299999999999272,CE,313.45,324.0,241.2,244.55,246.35,244.55,27,0.0926957418800327,0.1246804522085426,0.0084597776400874,-0.0254506930990624,0.4999351151857163,0.0006351701,-4.6082,19.8219,662.173652667208,0.0008087566,-0.0218,-0.0342
NIFTY,2022-12-19,2022-12-22,PE,18450,190.0,219.3,74.2,80.9,78.25,80.9,486337,28691.45,28691.45,23688.0,17850.0,CE,39.65,93.5,33.1,84.2,80.6,84.2,1434523,45201.82,45201.82,47934.0,3842.0,18299.25,18453.3,18288.1,18431.65,18244.55,18420.45,-0.008204,0.000179,3.2999999999992724,PE,190.0,219.3,74.2,80.9,78.25,80.9,3,0.2167802871884554,0.1238978104791076,0.0215383885915396,0.0103058523960791,-0.4905333007993725,0.0019208067,-13.7788,6.6608,-75.06458828698882,-0.0003311737,-0.1433,0.0119
NIFTY,2022-12-19,2022-12-29,PE,18500,242.5,273.0,135.25,143.05,142.0,143.05,103235,9339.15,9339.15,45486.0,2793.0,CE,90.7,154.55,83.05,141.4,140.0,141.4,195469,11906.99,11906.99,61665.0,5203.0,18326.85,18498.35,18288.1,18431.65,18244.55,18420.45,-0.009404,-8.9e-05,-1.6500000000014552,CE,90.7,154.55,83.05,141.4,140.0,141.4,10,0.1540328623780678,0.1169187718943313,0.0050674037051245,-0.0142851291164565,0.4999074864316454,0.0011096881,-7.1408,12.1635,249.4811960762632,0.0004853686,-0.0266,-0.0075
NIFTY,2022-12-20,2022-12-22,PE,18400,81.0,216.65,59.65,69.9,63.9,69.9,1637080,107547.97,107547.97,79075.0,-42652.0,CE,78.0,84.0,25.4,63.0,60.05,63.0,3453998,73293.84,73293.84,131063.0,-8973.0,18397.0,18393.1,18340.3,18404.9,18202.65,18385.3,-0.000163,-0.000375,-6.900000000001455,CE,78.0,84.0,25.4,63.0,60.05,63.0,2,0.0774095676452594,0.1222642111875049,-0.036917188656496,-0.0459675916104564,0.4850697254682143,0.0023939058,-16.5912,5.4257,48.54210149419027,0.0014982432,-1.634,0.0753
NIFTY,2022-12-20,2023-01-05,PE,18450,197.8,302.8,176.2,184.7,181.15,184.7,312,36.44,36.44,124.0,7.0,CE,180.95,203.55,128.0,193.3,190.0,193.3,1235,104.81,104.81,537.0,425.0,18433.15,18458.6,18340.3,18404.9,18202.65,18385.3,-0.000914,0.000466,8.599999999998545,PE,197.8,302.8,176.2,184.7,181.15,184.7,16,0.0907698943999753,0.1230638131475791,0.0309695096806945,0.0052036921580485,-0.4857104581655648,0.0008350858,-5.9264,15.3492,-401.1054311073094,-0.0001679403,0.0205,0.0201
NIFTY,2022-12-21,2023-01-12,PE,18350,144.9,280.05,141.0,256.25,263.25,256.25,412,42.59,42.59,97.0,53.0,CE,344.95,351.1,235.9,255.4,256.0,255.4,189,25.6,25.6,130.0,33.0,18541.65,18349.15,18435.15,18473.35,18162.75,18199.1,0.01039,-4.6e-05,-0.8499999999985448,CE,344.95,351.1,235.9,255.4,256.0,255.4,22,0.1362297727637281,0.143523952152666,0.0163034789395105,-0.0189327394492189,0.5023619284406661,0.0006119009,-5.8614,17.8224,540.2063406532177,0.0005218857,0.0063,-0.0383
NIFTY,2022-12-23,2023-01-05,PE,17900,120.0,212.0,102.9,194.4,177.75,194.4,93922,7158.73,7158.73,4037.0,1208.0,CE,364.25,368.8,182.1,195.15,201.8,195.15,26775,3288.77,3288.77,2712.0,2640.0,18121.65,17900.75,17977.65,18050.45,17779.5,17806.8,0.012307,4.2e-05,0.75,PE,120.0,212.0,102.9,194.4,177.75,194.4,13,0.1477465135544141,0.1452880373753034,0.0152376829118609,-0.0121815373970271,-0.4913289909987968,0.0008084403,-7.5303,13.4051,-320.1760186986354,0.0003326952,0.1404,-0.0171
NIFTY,2022-12-27,2023-01-12,PE,18200,244.95,312.2,198.45,206.35,203.35,206.35,2062,255.51,255.51,734.0,295.0,CE,192.0,214.0,150.05,207.65,213.3,207.65,7455,687.35,687.35,2462.0,1182.0,18167.95,18201.3,18089.8,18149.25,17967.45,18132.3,-0.001763,7.1e-05,1.2999999999992724,PE,244.95,312.2,198.45,206.35,203.35,206.35,16,0.0866451104360398,0.1366839914950162,0.0168046230554975,-0.011812845337946,-0.4914261854071537,0.0007628965,-6.4928,15.1431,-401.1373342985477,0.0003434283,0.0961,-0.022
NIFTY,2022-12-28,2023-01-05,PE,18150,177.85,177.85,118.85,140.1,144.0,140.1,48618,3446.04,3446.04,4775.0,3329.0,CE,150.0,183.6,131.05,148.15,139.5,148.15,70591,5680.1,5680.1,8043.0,4848.0,18122.15,18158.05,18084.75,18173.1,18068.35,18122.5,-0.001536,0.000443,8.049999999999272,PE,177.85,177.85,118.85,140.1,144.0,140.1,8,0.0894126064297407,0.1346440529180267,0.0322120463832482,0.0122784464781427,-0.4861977250599462,0.0010994582,-9.0203,10.698,-196.5699367822102,-0.0003629024,-0.068,0.0314
NIFTY,2022-12-29,2023-01-25,PE,18300,356.45,396.0,264.45,271.9,271.8,271.9,16282,2672.77,2672.77,11140.0,624.0,CE,233.0,272.0,189.35,263.5,271.0,263.5,20030,2214.72,2214.72,9980.0,932.0,18168.95,18291.6,18045.7,18229.7,17992.8,18191.0,-0.007187,-0.000459,-8.400000000001455,CE,233.0,272.0,189.35,263.5,271.0,263.5,27,0.074554248320617,0.1355808572088121,0.005986867790724,-0.0308882847269957,0.4996253685878231,0.0005881954,-4.983,19.7376,656.5400202477093,0.0009038629,-0.0456,-0.0269
NIFTY,2022-12-30,2023-01-12,PE,18150,129.4,189.85,102.95,168.8,157.2,168.8,7549,538.21,538.21,674.0,323.0,CE,254.2,268.05,162.05,175.15,178.55,175.15,4730,491.85,491.85,684.0,236.0,18253.0,18156.35,18259.1,18265.25,18080.3,18105.3,0.005659,0.00035,6.349999999998545,PE,129.4,189.85,102.95,168.8,157.2,168.8,13,0.0790547517839607,0.126163603426693,0.0265963516017642,0.0027863552674913,-0.4880148270279066,0.0009199109,-6.6309,13.6266,-321.59383019292164,-8.78286e-05,0.023,0.008
NIFTY,2022-12-30,2023-01-25,PE,18200,220.0,286.9,187.95,266.15,255.65,266.15,89229,10230.55,10230.55,29306.0,9702.0,CE,349.95,357.7,252.15,266.9,267.45,266.9,72146,10994.33,10994.33,21975.0,9440.0,18328.05,18200.75,18259.1,18265.25,18080.3,18105.3,0.007011,4.1e-05,0.75,PE,220.0,286.9,187.95,266.15,255.65,266.15,26,0.0738154792979347,0.1382650013747469,0.0195677896323245,-0.0173344312509894,-0.489612871344583,0.0005907471,-5.1519,19.274,-653.7377036234718,0.00049744,0.0844,-0.0473
NIFTY,2023-01-02,2023-01-05,PE,18200,129.0,163.0,80.1,89.3,82.65,89.3,2338178,21403959.04,126539.24,5794200.0,1382650.0,CE,80.4,110.0,58.4,95.65,99.65,95.65,3612490,33032455.37,158796.37,8425850.0,458800.0,18148.95,18206.35,18131.7,18215.15,18086.5,18197.45,-0.002809,0.000349,6.349999999998545,PE,129.0,163.0,80.1,89.3,82.65,89.3,3,0.0594901276738707,0.1404763103270923,0.0337588578323889,0.0210233200997033,-0.4862968841183522,0.0017187395,-15.4082,6.5779,-73.50404669815983,-0.0005964149,-0.4807,0.0332
NIFTY,2023-01-02,2023-01-19,PE,18250,258.8,273.0,201.85,209.15,204.05,209.15,213,1966.28,22.65,7300.0,6150.0,CE,197.85,214.35,173.0,210.1,213.15,210.1,237,2186.47,23.85,14000.0,-400.0,18178.3,18250.95,18131.7,18215.15,18086.5,18197.45,-0.003937,5.2e-05,0.9500000000007276,PE,258.8,273.0,201.85,209.15,204.05,209.15,17,0.0630303275610633,0.1338034433383589,0.0162408951485022,-0.0126356557325279,-0.4920744198814702,0.0007546526,-6.1831,15.6654,-428.02626331781767,0.0003755851,0.085,-0.024
NIFTY,2023-01-03,2023-01-05,PE,18250,115.0,146.3,62.6,72.05,70.0,72.05,1095742,51204.02,51204.02,31442.0,10444.0,CE,64.0,84.0,46.2,74.3,74.2,74.3,2018627,67835.96,67835.96,68013.0,8134.0,18189.25,18252.25,18163.2,18251.95,18149.8,18232.55,-0.003334,0.000123,2.25,PE,115.0,146.3,62.6,72.05,70.0,72.05,2,0.1970820916871989,0.1359019308480507,0.0172845433258981,0.0072246310715276,-0.4925725908183193,0.0021700293,-18.3103,5.3835,-49.65812655817846,-0.0002118196,-0.1656,0.0049
NIFTY,2023-01-03,2023-01-19,PE,18300,248.2,262.9,186.5,192.75,191.0,192.75,638,68.44,68.44,245.0,90.0,CE,184.45,195.0,152.75,188.3,188.0,188.3,1893,168.67,168.67,682.0,213.0,18220.0,18295.55,18163.2,18251.95,18149.8,18232.55,-0.004381,-0.000243,-4.450000000000728,CE,184.45,195.0,152.75,188.3,188.0,188.3,16,0.0786894979490574,0.1250846801334401,0.0038081341545249,-0.0223807914180299,0.4997922605234398,0.000829747,-5.9734,15.2289,392.5775074109879,0.0007113448,-0.0622,-0.0104
NIFTY,2023-01-04,2023-01-05,PE,18050,18.0,82.5,12.5,56.2,55.8,56.2,3290318,76845.38,76845.38,47862.0,-11140.0,CE,201.6,205.95,51.85,59.6,57.0,59.6,1567712,65828.23,65828.23,48540.0,43841.0,18220.1,18053.4,18230.65,18243.0,18020.6,18042.95,0.00938,0.000188,3.400000000001455,PE,18.0,82.5,12.5,56.2,55.8,56.2,1,0.2113371632622151,0.15364721459898,0.0274408973957779,0.019398634619732,-0.4887709563310771,0.0027450979,-28.9504,3.7662,-24.329254273071594,-0.0005032011,-1.3077,0.013
NIFTY,2023-01-04,2023-01-25,PE,18100,149.45,257.8,149.45,240.7,236.0,240.7,83967,8998.32,8998.32,21434.0,4116.0,CE,349.15,349.15,233.7,242.45,239.7,242.45,69901,9443.28,9443.28,17943.0,8223.0,18292.4,18101.75,18230.65,18243.0,18020.6,18042.95,0.010574,9.7e-05,1.75,PE,149.45,257.8,149.45,240.7,236.0,240.7,21,0.0565505261663393,0.1399283403423726,0.0196623252599008,-0.0139013026829481,-0.4905576986575365,0.0006543704,-5.7699,17.2622,-524.7498901236523,0.0003949689,0.0758,-0.0337
NIFTY,2023-01-05,2023-01-05,PE,18000,18.95,112.6,3.25,12.15,7.95,12.15,12683926,225456.78,225456.78,88453.0,-64031.0,CE,102.1,141.3,0.05,3.6,0.05,3.6,15476159,141452.09,141452.09,193834.0,140206.0,18075.65,17991.45,18101.95,18120.3,17892.6,17992.15,0.004194,-0.000475,-8.549999999999272,CE,102.1,141.3,0.05,3.6,0.05,3.6,0,0.0,0.0,-inf,-inf,0.0,0.0,0.0,0.0,0.0,0.0,0.0,0.0
NIFTY,2023-01-05,2023-01-19,PE,18050,166.05,243.4,140.0,180.6,185.0,180.6,864,79.33,79.33,239.0,68.0,CE,220.4,255.05,145.4,176.75,177.8,176.75,1691,162.4,162.4,480.0,278.0,18092.0,18046.15,18101.95,18120.3,17892.6,17992.15,0.002324,-0.000213,-3.849999999998545,CE,220.4,255.05,145.4,176.75,177.8,176.75,14,0.0781312213122305,0.1270831189845077,0.0038735829323918,-0.0210153026231375,0.5000445440014563,0.0008855545,-6.3994,14.0575,339.3419306887925,0.0006577382,-0.0699,-0.009
NIFTY,2023-01-05,2023-02-02,PE,18100,287.05,354.3,235.35,288.65,286.7,288.65,50,7.38,7.38,32.0,9.0,CE,330.0,353.0,237.15,284.35,282.25,284.35,113,16.72,16.72,134.0,6.0,18142.95,18095.7,18101.95,18120.3,17892.6,17992.15,0.00237,-0.000238,-4.299999999999272,CE,330.0,353.0,237.15,284.35,282.25,284.35,28,0.0748092180004439,0.1440951935974523,0.0140016938040711,-0.0259083384054023,0.5026925449131812,0.0005491838,-5.1444,19.8785,676.0062002968915,0.0007131243,-0.0294,-0.05
NIFTY,2023-01-09,2023-02-02,PE,18200,333.95,342.65,240.0,261.75,265.45,261.75,201,26.82,26.82,116.0,87.0,CE,198.95,288.0,196.65,261.45,250.05,261.45,555,67.27,67.27,312.0,-101.0,18077.3,18199.7,17952.55,18141.4,17936.15,18101.2,-0.006765,-1.6e-05,-0.2999999999992724,CE,198.95,288.0,196.65,261.45,250.05,261.45,24,0.0825337393754465,0.1412798109818469,0.0176587858475043,-0.0185687916215398,0.5043002556949332,0.0006017027,-5.479,18.5144,586.3011443486379,0.0005214216,-0.0144,-0.043
NIFTY,2023-01-10,2023-01-19,PE,17950,82.2,188.6,78.5,152.35,150.95,152.35,23524,1640.92,1640.92,2211.0,726.0,CE,250.95,251.0,135.65,157.9,159.35,157.9,17322,1448.12,1448.12,2899.0,2413.0,18129.75,17955.55,18121.3,18127.6,17856.0,17914.15,0.009964,0.000309,5.549999999999272,PE,82.2,188.6,78.5,152.35,150.95,152.35,9,0.0936166594951592,0.1382339216746648,0.0250952728942554,0.003388790438861,-0.4888597196302018,0.0010208987,-8.6355,11.2187,-220.1941287558848,-9.75441e-05,0.0184,0.0069
NIFTY,2023-01-11,2023-01-12,PE,17900,49.8,129.0,35.35,58.25,58.05,58.25,5844840,52510943.22,199625.22,6187750.0,844300.0,CE,96.3,141.55,53.4,63.75,58.35,63.75,4638021,41703166.22,192878.27,7455200.0,2410850.0,17940.0,17905.5,17924.25,17976.35,17824.35,17895.7,0.002232,0.000307,5.5,PE,49.8,129.0,35.35,58.25,58.05,58.25,1,0.19982570915733,0.1631564933190015,0.040243692877138,0.0317036917042284,-0.4836845478103281,0.002605411,-30.477,3.7339,-23.887301742253783,-0.0007741517,-2.2085,0.0292
NIFTY,2023-01-11,2023-01-25,PE,17950,190.5,246.95,154.2,195.15,194.95,195.15,9900,89808.11,955.61,137750.0,4100.0,CE,221.55,266.95,183.25,202.65,199.65,202.65,12470,113287.62,1369.37,166700.0,18800.0,17993.55,17957.5,17924.25,17976.35,17824.35,17895.7,0.002423,0.000418,7.5,PE,190.5,246.95,154.2,195.15,194.95,195.15,14,0.0898784979541069,0.1422562733083152,0.0289242388104688,0.0010637319688135,-0.4867814832749382,0.0007943215,-7.1253,13.9764,-342.77069620244475,-2.97161e-05,0.0382,0.003
NIFTY,2023-01-12,2023-01-12,PE,17850,40.0,94.8,0.05,3.4,0.05,17858.2,8640763,77252512.59,133702.82,5721500.0,2885400.0,CE,97.95,123.35,3.35,10.9,8.15,17858.2,11580329,103472392.08,117955.75,3217300.0,2323800.0,17937.75,17857.5,17920.85,17945.8,17761.65,17858.2,0.004904,0.00042,7.5,PE,40.0,94.8,0.05,3.4,0.05,17858.2,0,0.0,0.0,inf,inf,0.0,0.0,0.0,0.0,0.0,0.0,0.0,0.0
NIFTY,2023-01-12,2023-02-02,PE,17950,239.25,313.45,239.25,262.0,262.0,262.0,34,309.74,4.59,1750.0,400.0,CE,298.85,313.8,225.15,262.15,268.05,262.15,89,810.01,11.24,4700.0,2300.0,17995.1,17950.15,17920.85,17945.8,17761.65,17858.2,0.002509,8e-06,0.1500000000014552,PE,239.25,313.45,239.25,262.0,262.0,262.0,21,0.0892630955698866,0.1533700248672296,0.0186210496587264,-0.0181667407176481,-0.4900484969271901,0.000600942,-6.2713,17.0858,-521.1707592318904,0.0004700466,0.1064,-0.0377
NIFTY,2023-01-13,2023-02-02,PE,18050,276.0,276.0,217.2,236.45,240.0,236.45,100,914.77,12.27,2650.0,150.0,CE,201.4,273.0,173.0,241.75,241.1,241.75,231,2108.52,23.75,7900.0,5750.0,17942.15,18055.3,17867.5,17999.35,17774.25,17956.6,-0.005993,0.000294,5.299999999999272,PE,276.0,276.0,217.2,236.45,240.0,236.45,20,0.1000380157822469,0.1425992091348636,0.0254852460767763,-0.0078947039760343,-0.4871562619027231,0.0006581093,-6.009,16.7634,-494.9151873885676,0.0002195873,0.0773,-0.0237
NIFTY,2023-01-16,2023-02-09,PE,18000,215.0,306.25,214.95,281.35,281.25,281.35,246,2244.3,30.3,4950.0,1750.0,CE,335.1,335.1,253.15,273.85,275.65,273.85,309,2825.59,44.59,13800.0,6650.0,18121.1,17992.5,18033.15,18049.65,17853.65,17894.85,0.006705,-0.000417,-7.5,CE,335.1,335.1,253.15,273.85,275.65,273.85,24,0.0827643955426111,0.1516005549132452,0.00871642908549,-0.0301576379825594,0.5007448051250557,0.0005672554,-5.813,18.3055,574.4088854874984,0.0007892719,-0.0495,-0.0317
NIFTY,2023-01-17,2023-01-19,PE,18050,170.0,192.7,62.35,69.35,67.0,69.35,845249,7671112.02,42739.79,1495050.0,1101950.0,CE,41.0,82.5,32.5,73.65,75.0,73.65,2027412,18356171.06,58777.76,2299700.0,-1251850.0,17938.0,18054.3,17922.8,18072.05,17886.95,18053.3,-0.006224,0.000238,4.299999999999272,PE,170.0,192.7,62.35,69.35,67.0,69.35,2,0.0101086751845419,0.1340913638061809,0.0289606733638689,0.0190347852948665,-0.4884209233839602,0.0022251221,-17.8656,5.3291,-48.69834655619337,-0.0005660451,-0.6877,0.0219
NIFTY,2023-01-18,2023-01-25,PE,18200,185.2,205.05,113.2,123.7,122.0,123.7,160044,1467249.44,10849.04,1992500.0,888800.0,CE,88.5,136.8,76.0,122.1,125.0,122.1,273043,2500404.51,15713.21,3169600.0,777100.0,18103.75,18198.4,18074.3,18183.75,18032.45,18165.35,-0.005302,-8.8e-05,-1.5999999999985448,CE,88.5,136.8,76.0,122.1,125.0,122.1,7,0.0947824084747898,0.1224733553982189,0.0032968539152286,-0.0136638629439339,0.5004048165542287,0.0012901519,-8.7954,10.0358,172.3044614200031,0.0004442732,-0.0944,-0.0037
NIFTY,2023-01-23,2023-01-25,PE,18150,87.6,119.4,53.2,64.75,62.0,64.75,1849598,16849014.74,63912.89,1785000.0,1152350.0,CE,72.0,97.35,51.1,62.0,60.35,62.0,2455877,22375029.49,87945.71,4458200.0,364500.0,18134.4,18147.25,18118.45,18162.6,18063.45,18118.55,-0.00086,-0.000152,-2.75,CE,72.0,97.35,51.1,62.0,60.35,62.0,2,0.2888534704010301,0.1184145477059216,-0.0129041101806666,-0.0216695482589118,0.4940695356686931,0.0025038141,-15.8635,5.3501,48.78905925566088,0.0007288385,-0.6448,0.0126
NIFTY,2023-01-23,2023-02-09,PE,18200,256.95,257.0,201.3,210.45,208.0,210.45,3515,32363.87,377.37,54650.0,45300.0,CE,201.55,234.45,196.0,203.75,199.05,203.75,3716,34207.36,391.76,73150.0,40900.0,18159.75,18193.3,18118.45,18162.6,18063.45,18118.55,-0.002214,-0.000368,-6.700000000000728,CE,201.55,234.45,196.0,203.75,199.05,203.75,17,0.0883969689033081,0.1327205706576774,0.0014665738488389,-0.0271762788008063,0.4985283465295257,0.0007624192,-6.1145,15.5995,412.94285431509024,0.0008135295,-0.0718,-0.0047
NIFTY,2023-01-24,2023-02-02,PE,18150,125.05,167.45,111.7,148.5,149.0,148.5,63651,581986.41,4353.58,521500.0,257150.0,CE,170.5,201.55,142.35,151.55,146.0,151.55,59847,548141.67,5030.14,532350.0,241700.0,18204.95,18153.05,18183.95,18201.25,18078.65,18118.3,0.003023,0.000168,3.0499999999992724,PE,125.05,167.45,111.7,148.5,149.0,148.5,9,0.0777090451137451,0.1321654521855205,0.0184732211480447,-0.0022803466761115,-0.4916876376925015,0.0010567237,-8.3484,11.3482,-223.74512474701,6.86889e-05,0.0566,-0.0036
NIFTY,2023-01-24,2023-02-16,PE,18200,226.25,249.85,201.0,241.35,243.6,241.35,150,1381.79,16.79,4800.0,-1000.0,CE,277.0,281.7,230.0,236.85,235.45,236.85,314,2896.8,39.4,8950.0,4450.0,18264.7,18195.5,18183.95,18201.25,18078.65,18118.3,0.003549,-0.000247,-4.5,CE,277.0,281.7,230.0,236.85,235.45,236.85,23,0.0674747495690407,0.1317561297484271,0.0090604200244857,-0.0240137012875066,0.5014777957523725,0.0006600751,-5.219,18.1438,560.0524848836392,0.0007239923,-0.0419,-0.03
NIFTY,2023-01-25,2023-02-09,PE,17950,121.1,256.25,121.1,215.6,214.5,215.6,2035,203.4,203.4,582.0,398.0,CE,308.0,308.0,206.3,216.6,217.0,216.6,1996,233.24,233.24,760.0,711.0,18150.0,17951.0,18093.35,18100.6,17846.15,17891.95,0.01108,5.6e-05,1.0,PE,121.1,256.25,121.1,215.6,214.5,215.6,15,0.0801766949039156,0.1493525067463472,0.0169784349179939,-0.0132984864918565,-0.491604434850883,0.000731503,-7.2265,14.4679,-371.522927342658,0.0003540024,0.1037,-0.0219
NIFTY,2023-01-27,2023-02-09,PE,17650,112.6,308.0,112.6,241.55,233.35,241.55,6396,661.54,661.54,688.0,288.0,CE,390.05,399.9,204.75,245.9,248.0,245.9,2883,375.81,375.81,530.0,523.0,17952.4,17654.35,17877.2,17884.75,17493.55,17604.35,0.016988,0.000246,4.349999999998545,PE,112.6,308.0,112.6,241.55,233.35,241.55,13,0.0796312453313419,0.1839068300246099,0.024453897494854,-0.0102535841385316,-0.4888568239615797,0.0006490433,-9.399,13.2503,-315.9890162297234,0.0002217309,0.0962,-0.0181
