,Unnamed: 0,date,open_ul,high_ul,low_ul,close_ul,log_returns_ul_c2c,log_returns_ul_c2o,vol_c2c_20d,vol_c2o_20d,vol_c2c_40d,vol_c2o_40d,vol_c2c_60d,vol_c2o_60d,vol_c2c_80d,vol_c2o_80d,vol_parkinson
2270,2270.0,2020-01-02,12198.55,12289.9,12195.25,12282.2,0.0081505640319357,0.001316596481157,0.091831358132267,0.0365646733724314,0.0878233656941613,0.0416407083446706,0.0951233909445533,0.0468417659090063,0.1491236168876925,0.0637971558650507,0.0708643569331551
2271,2271.0,2020-01-03,12261.1,12265.6,12191.35,12226.65,-0.0045330641889106,-0.0017194106088658,0.0886407597725286,0.036065570221492,0.0880354389660469,0.0402248127255535,0.0891747131944957,0.0467175364347834,0.1484695471809277,0.0635972199875855,0.0712825594176178
2272,2272.0,2020-01-06,12170.6,12179.1,11974.2,11993.05,-0.019290680239015,-0.0045947882331792,0.1122382616678834,0.0392823506008592,0.0982286768802122,0.0415402817380919,0.0966007435274984,0.0472931098096438,0.1521451777731036,0.0641073525647042,0.0658806688648949
2273,2273.0,2020-01-07,12079.1,12152.15,12005.35,12052.95,0.0049821279132576,0.0071493710803669,0.1110234172350513,0.046713943701256,0.0990275920065152,0.0448865620447973,0.0962841604509118,0.049362365036118,0.1523137909559759,0.0652398310986249,0.0733725293131452
2274,2274.0,2020-01-08,11939.1,12044.95,11929.6,12025.35,-0.002292521655433,-0.0094907150137379,0.1101611874249948,0.0576629045747732,0.0979710221272748,0.0508928134909639,0.096175336272443,0.0528135513298795,0.1521263471658001,0.0673132846659386,0.0753764135874768
2275,2275.0,2020-01-09,12153.15,12224.05,12132.55,12215.9,0.0157214602998744,0.0105714738465839,0.1223028974062634,0.0681949768342771,0.1055204520369872,0.0573589837159657,0.100270825762408,0.0570372297472509,0.1539653886578958,0.0699161881820117,0.0764114179065293
2276,2276.0,2020-01-10,12271.0,12311.2,12213.2,12256.8,0.0033425031221734,0.0045003730971774,0.1180388697211169,0.0681525141144567,0.1057419512770742,0.0580776432689691,0.1003015526658289,0.057410099542907,0.1536341808868422,0.0691409159252278,0.0770362902013883
2277,2277.0,2020-01-13,12296.7,12337.75,12285.8,12329.55,0.0059179351404731,0.0032500486791179,0.119529178470552,0.0678670366130369,0.1067711229616278,0.0585071852466935,0.0986355834538435,0.0577997910070634,0.1509519372723354,0.0693827186591046,0.0777802388306629
2278,2278.0,2020-01-14,12333.1,12374.25,12308.7,12362.3,0.002652698700553,0.0002878847183509,0.1153291989814681,0.0673469312993374,0.1063281878437568,0.0580382126610997,0.0978723879886538,0.0577927807355703,0.1509784992919368,0.068784640658608,0.0767166279176973
2279,2279.0,2020-01-15,12349.4,12355.15,12278.75,12343.3,-0.0015381131197652,-0.0010440399625902,0.1142576696308312,0.0667923949204918,0.1056661062002423,0.0564693869992437,0.0970491631254174,0.0578270088225679,0.149309012089114,0.0688058963387175,0.0749602964067416
2280,2280.0,2020-01-16,12347.1,12389.05,12315.8,12355.5,0.0009879023266084,0.0003078119455337,0.1137700507913353,0.0667995089493374,0.105496776807874,0.0561972734863768,0.0970300642093044,0.0578135854225062,0.1170544694296377,0.0684506207256375,0.0750045792352563
2281,2281.0,2020-01-17,12328.4,12385.45,12321.4,12352.35,-0.0002549796940701,-0.0021957641125011,0.1137189528794933,0.067231019347134,0.1048766440733675,0.0564706677173637,0.0969558496122727,0.0570837653911074,0.1053649372389754,0.0541133644472109,0.0748603370026827
2282,2282.0,2020-01-20,12430.5,12430.5,12216.9,12224.55,-0.010400103505719,0.006306801601864,0.1196223614567039,0.0701177590421788,0.1027698770770682,0.0586564695316433,0.0993069729900496,0.057450196911574,0.1069787874600483,0.0552574941617109,0.075341080805776
2283,2283.0,2020-01-21,12195.3,12230.05,12162.3,12169.85,-0.0044846433343133,-0.0023955932561819,0.1198682935862377,0.0706141855089986,0.1031171039970332,0.0584735491450126,0.0994405862346445,0.0559565298096885,0.1047860156547539,0.0553058435947721,0.0830375748385987
2284,2284.0,2020-01-22,12218.35,12225.05,12087.9,12106.9,-0.0051860435261617,0.0039773385437223,0.1185051060833302,0.0720293250106633,0.1031061669572806,0.058979723770656,0.0959644824150667,0.0564777286030324,0.1032053185640462,0.0555690443076127,0.0826596206906563
2285,2285.0,2020-01-23,12123.75,12189.0,12094.1,12180.35,0.0060484594940626,0.0013908007186037,0.1152648784458578,0.0708992113043195,0.1037026287361668,0.0587197149131204,0.0962554035840082,0.0539545504733413,0.1033699780199517,0.0555772554940604,0.0842110088919007
2286,2286.0,2020-01-24,12174.55,12272.15,12149.65,12248.25,0.0055590721417507,-0.0004762902011214,0.1169313477882391,0.0704094644451911,0.102746813762063,0.0587230301134507,0.0967637521884424,0.0533570563741012,0.1036790958494901,0.0554854426466701,0.0840259303291441
2287,2287.0,2020-01-27,12197.1,12216.6,12107.0,12119.0,-0.0106086006564749,-0.004184851077939,0.1202408532174012,0.0719383747969237,0.1061812789985642,0.0572146090155226,0.0991876028407389,0.0540293192149664,0.1038622231145765,0.0556243168109336,0.0858056767275003
2288,2288.0,2020-01-28,12148.1,12163.55,12024.5,12055.8,-0.0052285970499251,0.0023983099709757,0.1216172164192334,0.0717694262712223,0.1063968276703674,0.0573905156427305,0.0993860278562182,0.0538477858390135,0.1040307120874145,0.0554725460429062,0.0863470801665713
2289,2289.0,2020-01-29,12114.9,12169.6,12103.8,12129.5,0.0060946300545449,0.0048902280677043,0.1200661128057791,0.073720866257987,0.1070122901300479,0.0584851144766398,0.1000932158956924,0.0544842270039316,0.1022275809159329,0.0549187820733308,0.08925009870595
2290,2290.0,2020-01-30,12147.75,12150.3,12010.6,12035.8,-0.0077549601774502,0.0015034654615085,0.1221582288279311,0.0736604220521067,0.1086707278774645,0.0583124115780815,0.1010140963465331,0.0545637136204468,0.1028725356603867,0.0548774827449588,0.0884609123707179
2291,2291.0,2020-01-31,12100.4,12103.55,11945.85,11962.1,-0.006142223420045,0.0053529680940165,0.1031613730784798,0.0743128373149235,0.1078487867172428,0.0595539996776665,0.1014987919921558,0.0548595282438865,0.0990731115384912,0.0555432647388943,0.0909533862240242
2292,2292.0,2020-02-01,11939.0,12017.35,11633.3,11661.85,-0.0254204879640027,-0.0019329660302235,0.1363668871122012,0.0701139806344511,0.1255210574849178,0.0596377658734391,0.1128588946211301,0.0548373752769087,0.1082921457357739,0.0554078917538435,0.0879632941186459
2293,2293.0,2020-02-03,11627.45,11749.85,11614.5,11707.9,0.0039409971952594,-0.0029541484731078,0.1368483035466013,0.0622473517391833,0.1247415924001515,0.0600411039601506,0.1131483665101128,0.0549462849753769,0.1079428659473538,0.0555373861449654,0.1092055134402833
2294,2294.0,2020-02-04,11786.25,11986.15,11783.4,11979.65,0.0229455492768633,0.0066697701730184,0.1493416630735881,0.0548969390485632,0.1371169624137814,0.0623264070831953,0.1220154059966825,0.0566401165425267,0.1153426649917891,0.0565949756781077,0.1100821775126794
2295,2295.0,2020-02-05,12005.85,12098.15,11953.35,12089.15,0.0090989792154732,0.0021846540968855,0.152379974910751,0.0530614894949241,0.1384208460726316,0.0621502997395191,0.1233312533209372,0.0567299764259114,0.115677761516837,0.056644729193718,0.1148961251684162
2296,2296.0,2020-02-06,12120.0,12160.6,12084.65,12137.95,0.0040285519933345,0.0025486245241003,0.1515886205218052,0.0525686203969348,0.1366758312170193,0.0614142861258323,0.1235450139725783,0.0567000564253841,0.1157676501815335,0.0565385321907755,0.1165142982438126
2297,2297.0,2020-02-07,12151.15,12154.7,12073.95,12098.35,-0.0032678284424366,0.0010869074028682,0.1517423015957312,0.0527021870856068,0.136753467547413,0.0607639531945674,0.1237146483695601,0.0566414536301512,0.1143489530302726,0.0565708159708,0.1169384362107121
2298,2298.0,2020-02-10,12102.35,12103.55,11990.75,12031.5,-0.0055408691750139,0.0003305689534952,0.1529327293809644,0.0525829535628447,0.1354982029231828,0.0604753189727287,0.123868302258745,0.0563198825521353,0.1141881285915066,0.0565661908071377,0.1172581887614389
2299,2299.0,2020-02-11,12108.4,12172.3,12099.0,12107.9,0.006329921630102,0.0063712161300935,0.1545600102336182,0.0573004091103102,0.135933998701158,0.0622325223669452,0.1241396269466315,0.0567513083468285,0.1141894359456429,0.0576984369571346,0.1182226728580202
2300,2300.0,2020-02-12,12151.0,12231.75,12144.3,12201.2,0.0076761754348025,0.0035533388034206,0.1569783027780689,0.0581656152109647,0.1370887380268602,0.0628773681590832,0.1250362075083746,0.057041562484322,0.1149864337779858,0.0580348697671698,0.1182483899503662
2301,2301.0,2020-02-13,12219.55,12225.65,12139.8,12174.65,-0.0021783864356833,0.0015028206302897,0.1527038070550693,0.0538796589856492,0.1371767627745677,0.0629768098960406,0.1247679835946109,0.05712565049024,0.1150046070476359,0.0574191083625267,0.1187276306036072
2302,2302.0,2020-02-14,12190.15,12246.7,12091.2,12113.45,-0.0050395156083187,0.0012723274634695,0.152925134439248,0.0533880231326545,0.1377552903420432,0.0626108562684537,0.1221567653234077,0.0571690514995485,0.1153572227119982,0.0566244511844855,0.1137476924514429
2303,2303.0,2020-02-17,12131.8,12159.6,12037.0,12045.8,-0.0056003540519067,0.0015136988485376,0.1531120468621618,0.0517409258867216,0.1381230670616324,0.062713525841417,0.1225477182913087,0.0569149112010004,0.1155993577769977,0.0553918070134306,0.116404193328348
2304,2304.0,2020-02-18,12028.25,12030.75,11908.05,11992.5,-0.0044345970678656,-0.0014580017162825,0.1524032341923205,0.0517646005866716,0.1373653511569011,0.06281941147594,0.1224156615230004,0.0567495929119053,0.1132724203907013,0.0553929931023512,0.115915450723147
2305,2305.0,2020-02-19,12090.6,12134.7,12042.1,12125.9,0.0110622064789156,0.0081468367927645,0.156197153126499,0.0593819696563067,0.1379838846955495,0.0654057344351007,0.1242330915145578,0.0589495034453827,0.1146608268171522,0.0553678665399804,0.1167882728161255
2306,2306.0,2020-02-20,12119.0,12152.0,12071.45,12080.85,-0.003722106603365,-0.0005691918866473,0.1520997699429708,0.0574995576614424,0.1382892312026724,0.0651454447374877,0.1234081281955533,0.0589552196955225,0.1147437950941544,0.0549347150064477,0.1159559042856732
2307,2307.0,2020-02-24,12012.55,12012.55,11813.4,11829.4,-0.0210335960778213,-0.0056696176509789,0.1686632337186789,0.0603657630882903,0.1470630451505485,0.0666812541979766,0.1308257667472248,0.0584940809655299,0.1207391375935455,0.0558461089936127,0.1152173281507024
2308,2308.0,2020-02-25,11877.5,11883.05,11779.9,11797.9,-0.0026664086597328,0.0040578958871282,0.1675196741276083,0.0595709103987188,0.1471887195878225,0.0671030824333946,0.1306124814031675,0.0589975687869211,0.1205933648852141,0.0560213104901123,0.1181311506833891
2309,2309.0,2020-02-26,11738.55,11783.25,11639.6,11678.5,-0.010172005036684,-0.0050432521297146,0.1691669849363637,0.0620106471216935,0.1479917643838317,0.0682239683165739,0.1320233737946228,0.0597641777170491,0.1219048899876602,0.0565239917215283,0.1190385463448838
2310,2310.0,2020-02-27,11661.25,11663.85,11536.7,11633.3,-0.0038778692887405,-0.0014781652023606,0.1683064143220591,0.0592158203507311,0.1478725572945504,0.068187776689168,0.1321975891435731,0.0596488689214707,0.1218826243906438,0.0565793348646209,0.1193623545043339
2311,2311.0,2020-02-28,11382.0,11384.8,11175.05,11201.75,-0.0378016591113647,-0.0218385150257216,0.1958224480478923,0.0977919907494978,0.1692041304482626,0.0869870582982645,0.1526221130972733,0.0746200522384166,0.1392154992751065,0.0682638307422063,0.1183553022847437
2312,2312.0,2020-03-02,11387.35,11433.0,11036.25,11132.75,-0.0061788013630017,0.0164330740659417,0.1965611904473171,0.1136140649719965,0.1694565315421174,0.0946990801244768,0.1531297663292602,0.0819210748407398,0.1387862516148551,0.0742315203505518,0.1036056781763949
2313,2313.0,2020-03-03,11217.55,11342.25,11152.55,11303.3,0.0152035037502009,0.0075883014469302,0.1866970802176181,0.1143494239752658,0.1736698524644729,0.0935947173703624,0.155687621939502,0.0833768108653752,0.1414236858328559,0.0753367309791851,0.1259888841980301
2314,2314.0,2020-03-04,11351.35,11356.6,11082.15,11251.0,-0.0046377048935533,0.0042419611030752,0.184584332693513,0.1150870376088474,0.1694609666219168,0.0903321395616665,0.1557061643507287,0.0838158278578207,0.1412394987148509,0.0757139771847447,0.1258685276475615
2315,2315.0,2020-03-05,11306.05,11389.5,11244.6,11269.0,0.0015985793812774,0.004880967084953,0.1841096183101595,0.1160466679417831,0.1692981725639708,0.0904585348128092,0.1553756168860109,0.0842126096831993,0.1411877117973963,0.0761656780469292,0.133926817999667
2316,2316.0,2020-03-06,10942.65,11035.1,10827.4,10989.45,-0.0251198713029051,-0.0293875949620617,0.204539887841205,0.1565445019020896,0.1802114910108818,0.1168006045206984,0.1626179764465917,0.1033839633970623,0.148124411007673,0.0924202247593694,0.136058899126882
2317,2317.0,2020-03-09,10742.05,10751.55,10294.45,10451.45,-0.0501949969013464,-0.0227697755681733,0.2714657854993897,0.1764684239226683,0.2203546851667983,0.1302306106413148,0.1927776527754453,0.1133240477393278,0.173206950726551,0.1009545271154578,0.1413283515217037
2318,2318.0,2020-03-11,10334.3,10545.1,10334.0,10458.4,0.0006647584995526,-0.0112722649372048,0.2705299610872152,0.17957711611806,0.2203267446114462,0.133290078952578,0.1918496416963622,0.11558842459157,0.1730096803502878,0.1028145305891093,0.1681745981147662
2319,2319.0,2020-03-12,10039.95,10040.75,9508.0,9590.15,-0.0866689531994765,-0.0408333490940118,0.4105843789308189,0.23114619563714,0.3108235447585474,0.1686320198166353,0.2622275469860062,0.1429871241417351,0.2321452649336552,0.1257500619561455,0.1732111933369266
2320,2320.0,2020-03-13,9107.6,10159.4,8555.15,9955.2,0.0373584976551443,-0.0516273002641639,0.431721212775919,0.2958318702241702,0.3248739246287104,0.2132236415682366,0.2732706780537282,0.1783746345080071,0.2415295560736154,0.1559700479309473,0.2085333627261919
2321,2321.0,2020-03-16,9587.8,9602.2,9165.1,9197.4,-0.0791741923032013,-0.0376035707741963,0.5160383730690213,0.3249543657625101,0.3807486921538177,0.2329367707558814,0.3184627706944688,0.1945492378613618,0.2798757892598825,0.1698573522987343,0.4238187148154118
2322,2322.0,2020-03-17,9285.4,9403.8,8915.6,8967.05,-0.0253640874627228,0.0095224386957039,0.5235731624723423,0.3266904879635083,0.3859510409125992,0.2341007095009112,0.3227400167597322,0.1954449982381958,0.2825319190651783,0.1707050853897748,0.4346138270480387
2323,2323.0,2020-03-18,9088.45,9127.55,8407.05,8468.8,-0.0571679258336707,0.0134476286427402,0.5618805339672327,0.3301729859464917,0.411949483359549,0.2363456514341838,0.3435682455714353,0.1974059971556135,0.3004227373890397,0.1723073792986936,0.4489275817445435
2324,2324.0,2020-03-19,8063.3,8575.45,7832.55,8263.45,-0.0245466462460547,-0.0490659201159489,0.5673234103684259,0.3728004805625397,0.4163225700224962,0.2669356854544516,0.3469681533056075,0.2219026088028598,0.3034711688885513,0.1933205209950428,0.4819386486388457
2325,2325.0,2020-03-20,8284.45,8883.0,8178.2,8745.45,0.0566913892471042,0.0025380877662186,0.6023426051909493,0.3729054941362585,0.4401087915878857,0.2670101803430336,0.3656378222104602,0.2218246114143378,0.3198810440237388,0.1933182520888468,0.5195206509766861
2326,2326.0,2020-03-23,7945.7,8159.25,7583.6,7610.25,-0.1390375422774706,-0.0959026632881655,0.7775578093043818,0.5063326611069354,0.5627581019077758,0.3606178124122812,0.4649397256427378,0.2973617729673554,0.4049529975266175,0.2584624575807959,0.5488596792314793
2327,2327.0,2020-03-24,7848.3,8036.95,7511.1,7801.05,0.0247623171751587,0.0308009249869849,0.7825303497657664,0.5179819626248837,0.5660795170834109,0.3688903023945953,0.4675110805860606,0.3040881803968221,0.4073668176991504,0.2639984647551602,0.5697978022707397
2328,2328.0,2020-03-25,7735.15,8376.75,7714.75,8317.85,0.0641454679567434,-0.0084834638109903,0.8146758508007652,0.5185566108072863,0.5886781782453548,0.3693069266855369,0.485918440417225,0.3045390868039913,0.423143006192823,0.2644185404800519,0.5877565744926516
2329,2329.0,2020-03-26,8451.0,8749.05,8304.9,8641.45,0.0381665848320867,0.0158809695852781,0.8259236442131087,0.521633221201697,0.5962213597320818,0.3714663547779178,0.4919842394020239,0.3062886464395191,0.4285536327268237,0.2659156143977453,0.6132313139836936
2330,2330.0,2020-03-27,8949.1,9038.9,8522.9,8660.25,0.0021731977087838,0.0349825757620314,0.8148125920947376,0.530717461345492,0.5960441958706642,0.3816229307903162,0.4919156107036805,0.3146769534034305,0.4285554005861971,0.2731481154616498,0.6229198290315159
2331,2331.0,2020-03-30,8385.95,8576.0,8244.0,8281.1,-0.0447677807030354,-0.0321859041052908,0.8301108725657544,0.53987440296302,0.6032906285596419,0.3901821576181523,0.4989431528667407,0.3214832579441397,0.4357330782931039,0.2791170970133125,0.6343374568641659
2332,2332.0,2020-03-31,8529.35,8678.3,8358.0,8597.75,0.0375247313070314,0.0295373471439267,0.8391359455411113,0.5494494878603989,0.6106325049592658,0.3972026870193536,0.5048230194170885,0.3268881689223254,0.4408667561303955,0.284062044675329,0.6354696835251206
2333,2333.0,2020-04-01,8584.1,8588.1,8198.35,8253.8,-0.0408268407611472,-0.0015888862807771,0.8515921938541572,0.5492692671886023,0.6165794234000272,0.3968644887342399,0.5117965110825786,0.3263163068314649,0.4467103305930948,0.2840695917567321,0.6395603463674377
2334,2334.0,2020-04-03,8356.55,8356.55,8055.8,8083.8,-0.0208116413530665,0.0123719621343978,0.8548219389547731,0.5507731115915587,0.6183949518841486,0.3980584076651239,0.5125710668036048,0.3265862604151133,0.4481870385246922,0.2849259748595604,0.6451613106774974
2335,2335.0,2020-04-07,8446.3,8819.4,8360.95,8792.2,0.0840029057875537,0.043866416645893,0.9016466572185126,0.5629627937350458,0.6538118795136504,0.4131878566175027,0.5410999102134564,0.3387954513729003,0.4726172719548442,0.2954897931659002,0.649367810870374
2336,2336.0,2020-04-08,8688.9,9131.7,8653.9,8748.75,-0.0049541317736614,-0.0118186158086669,0.8837594511697948,0.5586400314447834,0.653879735115061,0.4142590904886951,0.5410585961042551,0.3396075035792886,0.472391434369037,0.2961333055788912,0.6581545049406796
2337,2337.0,2020-04-09,8973.05,9128.35,8904.55,9111.9,0.0406704185239784,0.0253148075511557,0.895654717417272,0.5644953599868725,0.6617766624390954,0.4191792783139962,0.5475142018709572,0.3436090093841906,0.477936371139006,0.299503109116588,0.6616549383337238
2338,2338.0,2020-04-13,9103.95,9112.05,8912.4,8993.85,-0.0130402411213411,-0.0008728662680857,0.8415620538387986,0.5452728904062643,0.6624048783223514,0.4188751033080559,0.5481671687197872,0.3436069721856444,0.4782240167697864,0.2994773845418352,0.6623775277135602
2339,2339.0,2020-04-15,9196.4,9261.2,8874.1,8925.3,-0.007651069878088,0.0222710927033944,0.8313312059334237,0.5191863875466652,0.6624030194009382,0.4225517180583494,0.5483911438482241,0.3466722089262799,0.4783476369743681,0.3020791693089638,0.653672806285936
2340,2340.0,2020-04-16,8851.25,9053.75,8821.9,8992.8,0.0075343166192884,-0.008331248562315,0.7820490412496071,0.5023379180984755,0.6626542776531376,0.4230599512169977,0.5486116755443127,0.3470694415888393,0.4785051640983422,0.3024464745681134,0.5471187159053028
2341,2341.0,2020-04-17,9323.45,9324.0,9091.35,9266.75,0.0300084676283519,0.0361084747092384,0.7841508109003777,0.5175631761732797,0.6668668568220704,0.4327976690638598,0.5516841911001432,0.3547540853447927,0.4815035866769235,0.3092654695902113,0.5407633752007651
2342,2342.0,2020-04-20,9390.2,9390.85,9230.8,9261.85,-0.0005289120726044,0.0132338674540697,0.7570095618187941,0.517492644330393,0.6667176806831961,0.4340737537724118,0.5516074954086189,0.3557713014845209,0.4815027077452647,0.31012481943215,0.5312737484755877
2343,2343.0,2020-04-21,9016.95,9044.4,8909.4,8981.45,-0.0307424735087709,-0.0267976733003144,0.7599001698773278,0.4961602230004735,0.671144726198301,0.4393203349220576,0.5551472796284728,0.3599578894847437,0.4845818224643246,0.3138064275322614,0.5023962250955434
2344,2344.0,2020-04-22,9026.75,9209.75,8946.25,9187.3,0.0226607563821035,0.0050310520263893,0.736806012714428,0.4964035633470661,0.6730070752203163,0.439021156777803,0.5569770070842003,0.3600964103437929,0.4861023279274792,0.3139352071964553,0.4642610809525406
2345,2345.0,2020-04-23,9232.35,9343.6,9170.15,9313.9,0.0136858123823579,0.0048915250643717,0.5457454998317499,0.3591616028437948,0.6738312745396977,0.4391931642706319,0.5575757215940167,0.3602367908014264,0.4864035387823036,0.3139829765347396,0.4334501876363198
2346,2346.0,2020-04-24,9163.9,9296.9,9141.3,9154.4,-0.0172732699555202,-0.0162360557105646,0.5420411676486783,0.3467390045511208,0.6731468563175038,0.4408764125724024,0.5582862455932237,0.3616912458068023,0.4873818007918124,0.3152948345155129,0.4059399022683544
2347,2347.0,2020-04-27,9259.7,9377.1,9250.35,9282.3,0.0138747228958719,0.0114370127037055,0.4935639000568744,0.3478232875677133,0.6740276245466768,0.4417055343803793,0.5589170386626607,0.3624280871204375,0.4878454059463349,0.3159553405827069,0.3807403698381971
2348,2348.0,2020-04-28,9389.8,9404.4,9260.0,9380.9,0.0105663463253912,0.0115146328215732,0.4758033256966261,0.3456152825356762,0.6740664490808954,0.4424811344169103,0.5592013378499863,0.363067194062681,0.4882070784737837,0.316587395592449,0.3384210823389766
2349,2349.0,2020-04-29,9408.6,9599.85,9392.35,9553.35,0.0182161710795287,0.0029484573902727,0.4801830513778988,0.322330276712995,0.6755686791847496,0.4425282005228856,0.5602368648236022,0.3631049914826177,0.4890760907007611,0.31662256863182,0.3210966646211352
2350,2350.0,2020-04-30,9753.5,9889.05,9731.5,9859.9,0.0315841482531242,0.0207343166306904,0.4665740423530151,0.3100640972655982,0.6735221120549567,0.4421881405044088,0.5638799746636416,0.3654548773051974,0.4922619766901865,0.3187728166101543,0.2989251534394721
2351,2351.0,2020-05-04,9533.5,9533.5,9266.95,9293.5,-0.0591607955090135,-0.0336641150529217,0.4944366325397437,0.315401667430394,0.6897736564384112,0.4483915728518995,0.5745753500040205,0.3719900834169449,0.5023256271729434,0.3243069879179518,0.288704842714668
2352,2352.0,2020-05-05,9429.4,9450.9,9190.75,9205.6,-0.0095032365391587,0.0145172368316058,0.4735906829721057,0.3195989667844727,0.6891199844572866,0.4494833443203466,0.5748529328107329,0.3731468714789308,0.5025341813393904,0.3250936168540241,0.2837849693652342
2353,2353.0,2020-05-06,9226.8,9346.9,9116.5,9270.9,0.0070684677166181,0.0023002983168864,0.4683841072182677,0.3166259487367329,0.6892521052018417,0.4493928999292511,0.5730817379564701,0.3729227238862939,0.5026765039978258,0.324676079134312,0.2723457551941362
2354,2354.0,2020-05-07,9234.05,9277.85,9175.9,9199.05,-0.0077802443900713,-0.003982723402096,0.3603268452064962,0.2753624266138569,0.6895212220840261,0.4493362029497584,0.572998870598566,0.3729861561041971,0.5020821097347166,0.3242031703215401,0.2661687653854963
2355,2355.0,2020-05-08,9376.95,9382.65,9238.2,9251.5,0.0056854826859751,0.0191543323738149,0.3604650273060624,0.2805935463166591,0.6867371717698673,0.4457845585391151,0.5730587925899572,0.3750417967134649,0.5021495121491871,0.3259093860825282,0.2413583372073169
2356,2356.0,2020-05-11,9348.15,9439.9,9219.95,9239.2,-0.001330398720893,0.0103927622213322,0.3298263630141243,0.2681650882527291,0.6749031259893457,0.4428283779589609,0.5730256269419746,0.3756489709041061,0.5020435500689573,0.3263874344168943,0.2145495806104376
2357,2357.0,2020-05-12,9168.85,9240.85,9043.95,9196.55,-0.0046268880938292,-0.0076434323569289,0.3269294118953359,0.2695376868636522,0.6750025282052203,0.4423320745487478,0.5729910282116472,0.3759799868956568,0.502089348892764,0.3266732966177538,0.2138993714359464
2358,2358.0,2020-05-13,9584.2,9584.5,9351.1,9383.55,0.0201297425122403,0.0412874955439686,0.3336467989548985,0.2968524175939296,0.6404280500000776,0.4426017978623469,0.5743488863176356,0.3853063206820563,0.5033714380502805,0.3349132096281514,0.2136085843731334
2359,2359.0,2020-05-14,9213.95,9281.1,9119.75,9142.75,-0.0259969407514582,-0.0182395162630035,0.3453177471145153,0.3024751511164138,0.6368212167851888,0.4254022603665994,0.5766357806448756,0.3870743124622599,0.5055119905329415,0.336498336757311,0.2000459439345006
2360,2360.0,2020-05-15,9182.4,9182.4,9050.0,9136.85,-0.0006455283709578,0.0043273928862675,0.3282120903683095,0.273937936675375,0.6045040873475168,0.4147736117546939,0.5766197660227179,0.387165063292998,0.5055131036755856,0.3365644462472689,0.1957841709084959
2361,2361.0,2020-05-18,9158.3,9158.3,8806.75,8823.25,-0.0349254042427621,0.0023448848277865,0.351187740271845,0.2699456289410463,0.6075479009621857,0.4141159349063295,0.5810218639451505,0.3871864402112303,0.5090193389795848,0.3364014554674871,0.1906767580113807
2362,2362.0,2020-05-19,8961.7,9030.35,8855.3,8879.1,0.0063099176443585,0.015569658260856,0.3342830923375141,0.2584214954763054,0.5902990506425592,0.414591474844482,0.5810528929351989,0.3885072253809136,0.5090812677428918,0.3375252590441761,0.2051013527058144
2363,2363.0,2020-05-20,8889.15,9093.8,8875.35,9066.55,0.0208916163876619,0.0011312313898931,0.3328046614650662,0.2578256431850122,0.5893980562124482,0.3955837560954351,0.5825811406038984,0.3885025794154284,0.5103668718165184,0.3374563289865071,0.2068608928123833
2364,2364.0,2020-05-21,9079.45,9178.55,9056.1,9106.25,0.0043691740573838,0.0014218011873837,0.3295539893955519,0.2572813088792633,0.5717894678086903,0.3955479967246202,0.582202810371943,0.3881490649733667,0.5103120246190503,0.3374567423943074,0.20403611463156
2365,2365.0,2020-05-22,9067.9,9149.6,8968.55,9039.25,-0.0073847846008156,-0.0042202861669328,0.3247842322853264,0.2510925101837832,0.4511884479190573,0.3125849542861788,0.5823518562919946,0.3882451637041393,0.5103861127660788,0.3375401037934579,0.2020953894353249
2366,2366.0,2020-05-26,9099.75,9161.65,8996.65,9029.05,-0.0011290493387357,0.0066707342573926,0.3209937893455437,0.248882953716256,0.4468275628237085,0.3031872105237247,0.5807335862832698,0.3883130413719645,0.5100371825729325,0.3376679966524229,0.2033997368955846
2367,2367.0,2020-05-27,9082.2,9334.0,9004.25,9314.95,0.0311734793307922,0.005869296992611,0.337708129864499,0.2463464160306119,0.4237223115742676,0.3027909400138484,0.5842665911255468,0.3884118199107062,0.5129913838298464,0.3378039454831257,0.2050396488120296
2368,2368.0,2020-05-28,9364.95,9511.25,9336.5,9490.1,0.0186285136214973,0.0053533605008837,0.3379959269765056,0.2468645571103829,0.4152574268892128,0.3004191310586708,0.5851551965027126,0.3884295275935435,0.513956969305061,0.3378264152281183,0.2165826716964026
2369,2369.0,2020-05-29,9422.2,9598.85,9376.9,9580.3,0.0094597567584245,-0.0071805430058253,0.3203403384511364,0.2368527136160367,0.415910112318024,0.2876620303201053,0.5854265569699434,0.3887006116991761,0.5140483232022867,0.3380598262913941,0.2151537153515578
2370,2370.0,2020-06-01,9726.85,9931.6,9706.95,9826.15,0.025338292519217,0.0151811960427458,0.2569745279660493,0.2110528788147108,0.4052944864566543,0.2785578502667809,0.5825518504421251,0.387345629760151,0.5159258139468067,0.3390136463019745,0.2182360636699026
2371,2371.0,2020-06-02,9880.85,9995.6,9824.05,9979.1,0.0154457066444003,0.0055513411961091,0.2606407774905961,0.2055241545932394,0.3959527659636625,0.2687154555045335,0.5832852350791846,0.3860258132324598,0.5146601064411434,0.3391414331506038,0.2152467623891299
2372,2372.0,2020-06-03,10108.3,10176.2,10035.55,10061.55,0.0082283224537368,0.0128639626511757,0.2610760678213104,0.2104533492353857,0.3828109047598057,0.2706490729155848,0.5826871512126321,0.3866216477010546,0.5148222813970272,0.3398801644896219,0.2100425951392652
2373,2373.0,2020-06-04,10054.25,10123.85,9944.25,10029.1,-0.0032303612096776,-0.0007257976635737,0.2598450922818576,0.2099864765175177,0.3792610948100708,0.2688394934069468,0.582646609083286,0.3865252523146947,0.5132159193059093,0.3396731623890421,0.2052712401505596
2374,2374.0,2020-06-05,10093.8,10177.8,10040.75,10142.15,0.0112091401054914,0.0064305068308153,0.2621334953266692,0.1998185334966422,0.3154070077533246,0.2454058724466558,0.5830971208731992,0.3866219794728652,0.5133495015155469,0.3398454194218639,0.2074892320044734
2375,2375.0,2020-06-08,10326.75,10328.5,10120.25,10167.45,0.00249143391174,0.0180376087647457,0.2622418093746325,0.2066627031367005,0.3152209209368291,0.2478151859619062,0.580806711469119,0.3836403436449024,0.5133182641830855,0.3413433177895463,0.2068549542879662
2376,2376.0,2020-06-09,10181.15,10291.15,10021.45,10046.65,-0.0119521955536014,0.0013465301858608,0.2651891527072715,0.2049021199504852,0.2994868444929306,0.2394213813161768,0.5720104221806691,0.3807565389049486,0.5137300890804114,0.3413462791393222,0.2052762442660735
2377,2377.0,2020-06-10,10072.6,10148.75,10036.85,10116.15,0.0068939110891929,0.0025796204520774,0.256411731425762,0.1423040488654921,0.2981748312694951,0.239500125525514,0.5721859970935534,0.3800813000586689,0.5137824867772537,0.3413769570620725,0.2079727082116968
2378,2378.0,2020-06-11,10094.1,10112.05,9885.05,9902.0,-0.0213963997538088,-0.0021820619486706,0.2509105974960575,0.1267007686095768,0.3024293952914009,0.2328440959123995,0.545253172472384,0.3706319338252475,0.5150817462943915,0.3412089793820626,0.2025197617986505
2379,2379.0,2020-06-12,9544.95,9996.05,9544.35,9972.9,0.0071346573571307,-0.0367245381199235,0.2521950768423537,0.1818698477322625,0.3023673569549132,0.249807481443924,0.5399661146550748,0.362974060036361,0.5150568321048006,0.3474175832597599,0.2048758455380133
2380,2380.0,2020-06-15,9919.35,9943.35,9726.35,9813.7,-0.0160920456713831,-0.0053840193399327,0.2265032752740029,0.1826945620713445,0.2954996983088533,0.2329052133020573,0.5156766914702207,0.3547402719514936,0.5158459146977887,0.3475406603264592,0.225547178831748
2381,2381.0,2020-06-16,10014.8,10046.15,9728.5,9914.0,0.0101685309734032,0.020284630248466,0.2282928128890071,0.1885236541516521,0.2966142866676401,0.2361299570851556,0.5134381316577415,0.3566642145250835,0.5160877978455682,0.3494224123936641,0.2145835732472922
2382,2382.0,2020-06-17,9876.7,10003.6,9833.8,9881.15,-0.0033189978510494,-0.0037694517289,0.2160368640840831,0.1889620608025412,0.2863597351215056,0.2263898293961206,0.4997214385215027,0.3556661460842385,0.5160247094713775,0.3494769781056138,0.2214564333473548
2383,2383.0,2020-06-18,9863.25,10111.2,9845.05,10091.65,0.0210794474946868,-0.0018131728392857,0.2282874733311601,0.1890049369989852,0.285585767416447,0.2260783093665181,0.499045641113392,0.3409407366984406,0.5173397999793808,0.3494822972217636,0.2183266758419875
2384,2384.0,2020-06-19,10119.0,10272.4,10072.65,10244.4,0.0150228655801046,0.0027064955056035,0.2330362825760926,0.1886495409036443,0.2860155498233389,0.2258431973936972,0.4861036750011466,0.340946263187769,0.5176592254490247,0.3492118689415089,0.2238721601478531
2385,2385.0,2020-06-22,10318.75,10393.65,10277.6,10311.2,0.0064994682863088,0.007231413864177,0.2341587147481512,0.1889137920195789,0.2831354958889064,0.2228289173204739,0.3924235176415743,0.2778948910470893,0.5177469638017064,0.3494498982461569,0.2237294123183986
2386,2386.0,2020-06-23,10347.95,10484.7,10301.75,10471.0,0.0153788481968921,0.003557749352111,0.213116775778997,0.1881741086361467,0.2836323600462088,0.2211257136738467,0.3903704908290344,0.2706137512490959,0.517110267071888,0.3493606632634973,0.2216123663720743
2387,2387.0,2020-06-24,10529.25,10553.15,10281.95,10305.3,-0.0159512053051372,0.0055475672327082,0.2103181609715895,0.1882460974109039,0.2852388343685004,0.2196474200626015,0.3686718499962198,0.27028881361618,0.5178749735224771,0.3494261893190846,0.2111171480346647
2388,2388.0,2020-06-25,10235.55,10361.8,10194.5,10288.9,-0.0015926817712496,-0.0067913711543695,0.2076553976949771,0.1880611429866589,0.2815203761879875,0.2201920452597493,0.3601590662187308,0.2686573236461466,0.5175630419928885,0.3495209070118938,0.2147371105415061
2389,2389.0,2020-06-26,10378.9,10409.85,10311.25,10383.0,0.0091042090923787,0.0087092548682185,0.1896410844228799,0.1827235297162391,0.2709240164767411,0.2149849945802399,0.3606217575362367,0.2593818133034913,0.517772747879279,0.3498579656260495,0.211680536617422
2390,2390.0,2020-06-29,10311.95,10337.95,10223.6,10312.4,-0.0068227986772304,-0.0068664364161235,0.1830461532512053,0.1832946247976703,0.2264900620020357,0.1981599098151082,0.3488489787153959,0.2511177240196234,0.5134830970218568,0.3478869402344498,0.2069060716806902
2391,2391.0,2020-06-30,10382.6,10401.05,10267.35,10302.1,-0.0009992966947658,0.0067842734239221,0.1806987783705992,0.1790751052322874,0.2252246557469714,0.1954817575688117,0.3401351995752722,0.2439959350871344,0.5133672351752495,0.3468551002971066,0.2049334648760916
2392,2392.0,2020-07-01,10323.8,10447.05,10299.6,10430.05,0.0123433049157241,0.0021041513830968,0.1856573439731259,0.1792144578434588,0.2266748040139981,0.1954676148589533,0.3304999233315965,0.2440125721167088,0.5131216154396075,0.3466098166981643,0.2046367852193391
2393,2393.0,2020-07-02,10493.05,10598.2,10485.55,10551.7,0.0115959215165461,0.0060220703808591,0.1859611591629999,0.1790327344198034,0.227716137351519,0.1958013514582685,0.3285664633478243,0.242989275878679,0.513473713949015,0.3466941484133897,0.2032975349986748
2394,2394.0,2020-07-03,10614.95,10631.3,10562.65,10607.35,0.0052601726747523,0.0059764004469437,0.1866983356640643,0.1683607852438922,0.227650709005591,0.1903120444954143,0.2792244511315411,0.2258007873428176,0.5135519638656741,0.3467490328991021,0.2025057048459695
2395,2395.0,2020-07-06,10723.85,10811.4,10695.1,10763.65,0.0146275594862808,0.0109230759013811,0.1891202875679603,0.1727696723562776,0.2306141728941748,0.1905020220249563,0.2806679443089127,0.2256082893793976,0.5122509968652977,0.3432973593473166,0.198209356926967
2396,2396.0,2020-07-07,10802.85,10813.8,10689.7,10799.65,0.003339009655011,0.0036352716638901,0.1878852236194511,0.1730125353653093,0.2304717736486235,0.1897411302369601,0.2678892372060696,0.2195933437892926,0.5043552714688838,0.3409344291808992,0.1912357388667367
2397,2397.0,2020-07-08,10818.65,10847.85,10676.55,10705.75,-0.0087327458908366,0.0017577704900121,0.1744049320909705,0.1729506878757735,0.2258583318780275,0.158466603118556,0.267141320995634,0.219615957630458,0.5045957396655577,0.3403521228989248,0.191360039747385
2398,2398.0,2020-07-09,10755.55,10836.85,10733.0,10813.45,0.0100097493633,0.0046409201104543,0.1762044684324864,0.113685420614879,0.2175496556273194,0.152053795395244,0.2674737717135064,0.2149576505767786,0.4805212387774603,0.3325250816611688,0.188171514446269
2399,2399.0,2020-07-10,10764.1,10819.4,10713.0,10768.05,-0.0042073133906914,-0.0045742066219115,0.167212389978041,0.1132305252375071,0.2178037539844982,0.1521000254144515,0.2671620175223009,0.2144759112493444,0.4759109183037965,0.3195476094128373,0.1611375973418741
2400,2400.0,2020-07-13,10851.85,10894.05,10756.05,10802.7,0.0032126866059742,0.0077521560848524,0.1636110913889371,0.091233831449975,0.1992433567511603,0.1532443843714023,0.2599565605444726,0.2017259332517375,0.454384046563617,0.3126948837544991,0.1554622379500267
2401,2401.0,2020-07-14,10750.85,10755.65,10562.9,10607.35,-0.0182489458290381,-0.004811281670117,0.1757563517282337,0.0918588031311805,0.2038981426445632,0.148595222158204,0.2626730330288564,0.2001121562090245,0.4532900401099738,0.3123491626730352,0.1419611504641176
2402,2402.0,2020-07-15,10701.0,10827.45,10577.75,10618.2,0.0010223528667139,0.0087900379885207,0.1587957242378229,0.0968759387851429,0.1969461861080577,0.1502226500295205,0.2548904794870747,0.1931594664597531,0.4416073544891816,0.3118181566042479,0.1425117324072975
2403,2403.0,2020-07-16,10706.2,10755.3,10595.2,10739.95,0.0114009236533422,0.0082535029870369,0.1548904533245391,0.1008123305654273,0.1987397922989397,0.1516241301927616,0.251660022456096,0.1936316876921051,0.4398918888059189,0.2995741332812544,0.1397776789361378
2404,2404.0,2020-07-17,10752.0,10933.45,10749.65,10901.7,0.0149483068004393,0.0011213502043942,0.162205194183113,0.0975185429318357,0.201441239004488,0.151274370488831,0.2519662848001268,0.1933817646250075,0.4288769010728204,0.2995464422237138,0.1370985311804723
2405,2405.0,2020-07-20,10999.45,11037.9,10953.0,11022.2,0.0109926804467042,0.0089265311714899,0.1575752191167674,0.1018223504827326,0.2033317095438515,0.1520168229223931,0.2504587009096565,0.1913419808232099,0.3499449657139339,0.2460724077877489,0.1397888316909282
2406,2406.0,2020-07-21,11126.1,11179.55,11113.25,11162.25,0.0126261287116973,0.0093822787453056,0.1536674016401525,0.1053594428927438,0.1901174303082968,0.1531405135747165,0.2501767014374635,0.1908644380447228,0.3478641526608946,0.2404110780154328,0.1355934551667444
2407,2407.0,2020-07-22,11231.2,11238.1,11056.55,11132.6,-0.0026598086535778,0.0061580701403639,0.1538562837407215,0.1048601008944488,0.1843067467726698,0.1533339570897971,0.2492833797382544,0.1898033981813021,0.328428464020814,0.2401843770425765,0.1241765095028756
2408,2408.0,2020-07-23,11135.0,11239.8,11103.15,11215.45,0.0074145511183425,0.0002155598276682,0.1526908462994477,0.1001266257510676,0.1837065697143571,0.152255096838079,0.2469027391090296,0.1897061843274489,0.321527254777576,0.2384986940063971,0.1241820607892348
2409,2409.0,2020-07-24,11149.95,11225.4,11090.3,11194.15,-0.0019009715848837,-0.0058572784088647,0.1508804240672095,0.0993024981003178,0.1722273072347981,0.1480749272983955,0.2381598869257039,0.1852040097354091,0.3215217355946508,0.2303808016603763,0.1252749645745473
2410,2410.0,2020-07-27,11225.0,11225.0,11087.85,11131.8,-0.0055854431363716,0.0027521132131965,0.1521559864263086,0.0967925486436552,0.1683302118265525,0.1475717697190962,0.2047435164447236,0.1717484931250702,0.3115489753070151,0.2231245554094845,0.1256960607243928
2411,2411.0,2020-07-28,11154.1,11317.75,11151.4,11300.55,0.0150455198214456,0.0020012660420038,0.1552378126719991,0.0967646160321599,0.1713198745676025,0.1440276980805366,0.2061562849327137,0.1691609661428871,0.3054197162551158,0.2168075825080484,0.1253971730485044
2412,2412.0,2020-07-29,11276.9,11341.4,11149.75,11202.85,-0.0086831868839774,-0.0020950114959954,0.1527832203412147,0.094632842116278,0.1725290103945665,0.1441134847134909,0.206419316791388,0.1691495866284263,0.2969656829714818,0.216821341837838,0.1257133917080921
2413,2413.0,2020-07-30,11254.3,11299.95,11084.95,11102.15,-0.0090294269604375,0.0045820676281277,0.1550230142319285,0.0936319014520141,0.1717088468758561,0.1436607726570132,0.2066362197149196,0.1692143154629231,0.2950652749750118,0.2158445504194642,0.1289092196634287
2414,2414.0,2020-07-31,11139.5,11150.4,11026.65,11073.45,-0.0025884319724486,0.0033585669326607,0.1462160604414216,0.085930801774455,0.1717180293770241,0.1364856597174709,0.2063714977962654,0.1646700389355794,0.2539767592791003,0.2011649219564606,0.1346383136429376
2415,2415.0,2020-08-03,11057.55,11058.05,10882.25,10891.6,-0.0165585013474173,-0.0014368987154398,0.1573085633170693,0.0850962749481844,0.174148175811239,0.1364915569862329,0.2091685800068971,0.1632917341877725,0.255544602757889,0.2000673831994178,0.1347681823636286
2416,2416.0,2020-08-04,10946.65,11112.25,10908.1,11095.25,0.0185252388671606,0.0050416234455483,0.1678171817300326,0.0867593055320734,0.179498750174624,0.136930755093155,0.2124250630782988,0.162859979731495,0.2472006652532121,0.1950835948362382,0.1368687257787444
2417,2417.0,2020-08-05,11155.75,11225.65,11064.05,11101.65,0.0005766571167461,0.005437971245313,0.1639645262185472,0.0873498970311988,0.1711489749448921,0.1375093326529166,0.2083193342516636,0.1391989239714945,0.2460997354029437,0.1953197373759416,0.1383860612189969
2418,2418.0,2020-08-06,11185.7,11256.8,11127.3,11200.15,0.0088334251486867,0.007542430881599,0.1663026252224063,0.0899464018061488,0.171655406078316,0.1031565537081148,0.2021046325573122,0.1349060014401211,0.246226419094395,0.191688907418996,0.1403328615287261
2419,2419.0,2020-08-07,11186.65,11231.9,11142.05,11214.05,0.0012402853353563,-0.0012060680076138,0.1659642737087436,0.0856723190513372,0.1667876447114119,0.102298890326176,0.2021164713674366,0.1346325982572891,0.2458672834652622,0.1911208541715701,0.1409272714481922
2420,2420.0,2020-08-10,11270.25,11337.3,11238.0,11270.15,0.0049901812309422,0.0049990541879438,0.1536234912821139,0.0858098204075938,0.1652747315906697,0.0893958533719092,0.1890843859217333,0.1349411079963917,0.2401016059346504,0.1800969750148477,0.1393126228580125
2421,2421.0,2020-08-11,11322.25,11373.6,11299.15,11322.5,0.0046342588134252,0.0046121786403156,0.1544723139775769,0.081526807279609,0.1654771428133232,0.0896483380945984,0.1888773672362649,0.1313984898822989,0.2402428153224562,0.1787248125760865,0.1351133925162431
2422,2422.0,2020-08-12,11289.0,11322.0,11242.65,11308.4,-0.0012460840553803,-0.0029630961688219,0.1490564091266487,0.0767272020555249,0.1566806508600489,0.0898441735414769,0.1838995841183097,0.1315202046416987,0.2338744536450565,0.1722576137448276,0.126259941390551
2423,2423.0,2020-08-13,11334.85,11359.3,11269.95,11300.45,-0.000703264458622,0.002336238131042,0.1391544455699287,0.077076786317393,0.1520118355068385,0.089777647662003,0.1836837443572389,0.1315759346775789,0.2303380366141485,0.1720731076322585,0.1230102795960882
2424,2424.0,2020-08-14,11353.3,11366.25,11111.45,11178.4,-0.0108592031501284,0.0046659026325903,0.139020234402856,0.0721079288523032,0.1535966960793255,0.0886830352744779,0.1844184649253923,0.1316401225678358,0.2298556020096767,0.1720530557298284,0.1187117488710295
2425,2425.0,2020-08-17,11248.9,11267.1,11144.5,11247.1,0.006126972858148,0.0062870013079917,0.1332912981085966,0.0676664138259698,0.1493939166216277,0.0896473150599472,0.1848374990628731,0.1315595176335574,0.2280327923520325,0.169956429720337,0.127241264440543
2426,2426.0,2020-08-18,11259.8,11401.7,11253.15,11385.35,0.0122171236055772,0.0011285429222062,0.139951846356576,0.0641065235398842,0.1471236627398755,0.0885879731215408,0.1750869770173456,0.1310204558491436,0.2277291262528503,0.1687325893887128,0.1287618908533432
2427,2427.0,2020-08-19,11452.15,11460.35,11394.1,11408.4,0.0020224849230216,0.0058500440510572,0.1376051951196776,0.0674322340737559,0.1471574548646743,0.0881570805921875,0.1708574755069676,0.1311110289679608,0.2269721828986826,0.1677972666948055,0.1270788007547071
2428,2428.0,2020-08-20,11317.45,11361.45,11289.8,11312.2,-0.0084681368334637,-0.0080041437894539,0.1407366832928086,0.0701998316768071,0.1469141991739966,0.087728262961092,0.1706353585931746,0.1313143608373843,0.2251310490763417,0.1683244368595115,0.1249536905224161
2429,2429.0,2020-08-21,11409.65,11418.5,11362.2,11371.6,0.005237229720892,0.0085776992194916,0.1405652017598707,0.0759792877434588,0.1464971026213037,0.0886870540787564,0.1627701759136397,0.1287402671819287,0.2181274254922823,0.1649025292859342,0.1229689326002288
2430,2430.0,2020-08-24,11412.0,11497.25,11410.65,11466.45,0.0083063611256103,0.0035464142929775,0.1332074094860073,0.076697937518914,0.1479749375419095,0.0874718124153628,0.1605322818032198,0.1284376540032483,0.1913122073040253,0.1536444541251972,0.1205671376822954
2431,2431.0,2020-08-25,11513.1,11525.9,11423.35,11472.25,0.000505695625611,0.0040601373033249,0.1295468882686882,0.077700693910029,0.1446483075331358,0.0879117992265722,0.1596334197517683,0.1259385215087257,0.1905575560775466,0.1516079445229041,0.1174228625334451
2432,2432.0,2020-08-26,11512.85,11561.75,11461.85,11549.6,0.0067197285239703,0.0035327270470465,0.1277371755703302,0.0769961264421435,0.1426588404136091,0.0870417103866955,0.1600967373537386,0.1261408430282192,0.1905171777769325,0.1516837926879309,0.1132076042639272
2433,2433.0,2020-08-27,11609.3,11617.35,11540.6,11559.25,0.0008351779133036,0.0051556967076546,0.1274360802959373,0.0782576470184006,0.1420525417719056,0.0867051784092021,0.15842303125602,0.1258907968005651,0.1900140101416096,0.1517968186665818,0.1070513778469922
2434,2434.0,2020-08-28,11602.95,11686.05,11589.4,11647.6,0.007614167958564,0.0037733938789806,0.1160710423516616,0.0792469826364672,0.1384940034434302,0.0827363729805131,0.1591186191439428,0.12050336475436,0.1902298786709058,0.1480330852406618,0.1052987265455865
2435,2435.0,2020-08-31,11777.55,11794.25,11325.85,11387.5,-0.0225838876192588,0.0110950267608576,0.124932521528623,0.0867779315307748,0.1495775389379583,0.0868824935990865,0.1639675481036384,0.1226317653723071,0.1944578237066444,0.1481960953771084,0.101096941366694
2436,2436.0,2020-09-01,11464.3,11553.55,11366.9,11470.25,0.0072404643072113,0.0067215964738778,0.1275731548834131,0.0879215331860609,0.1490667178793204,0.0884191401631609,0.1640312662302721,0.1233001419014335,0.1947128581695831,0.148053056868481,0.1273374808835292
2437,2437.0,2020-09-02,11478.55,11554.75,11430.4,11535.0,0.0056291647324288,0.0007233494005702,0.125226728266044,0.0837181200422475,0.1475887455879778,0.0876552848061557,0.1583923956926464,0.1232267916361758,0.1916189870938955,0.1283217778691532,0.1283308721222934
2438,2438.0,2020-09-03,11566.2,11584.95,11507.65,11527.45,-0.0006547439903146,0.0027011600237467,0.1251700058382937,0.0841635131216305,0.1472137626992637,0.0871563853637445,0.1577111046313367,0.0972705247704296,0.1858938327404009,0.1241984334594843,0.1280281671727933
2439,2439.0,2020-09-04,11354.4,11452.05,11303.65,11333.85,-0.0169373244911685,-0.0151258136324914,0.137915770779623,0.0984486314807977,0.1531072245339752,0.0931443992937397,0.1580883098335481,0.1015580916058769,0.1883432426816761,0.1268757478091015,0.1276727081998628
2440,2440.0,2020-09-07,11359.6,11381.15,11251.7,11355.05,0.0018687557501366,0.0022693782612345,0.1370786754532846,0.0973949176278536,0.1460575874073822,0.0925239950318031,0.1567343127818116,0.0926306127135994,0.1777105621530565,0.1268713540528241,0.1293383848251436
2441,2441.0,2020-09-08,11378.55,11437.25,11290.45,11317.35,-0.0033256324646967,0.0020674251654291,0.1375218317885809,0.0970983888690801,0.1462768349570928,0.0899641613204124,0.1567349128218981,0.0924015320674045,0.1774514783446806,0.1238317101644504,0.1308946737882659
2442,2442.0,2020-09-09,11218.6,11298.15,11185.15,11278.0,-0.0034830210446831,-0.0087638313040443,0.138062326355285,0.1016923560138003,0.1436755889075598,0.09027253546082,0.1507372872494775,0.0940835600596313,0.173583342886637,0.1248037363911469,0.1329492053245902
2443,2443.0,2020-09-10,11363.3,11464.05,11327.4,11449.25,0.0150703002864904,0.0075349386808514,0.1430344684920366,0.1038720118080127,0.1437571289532929,0.0922195481242567,0.1507574882565035,0.0951982338122451,0.1754903261943514,0.1255037239311076,0.1336191191037472
2444,2444.0,2020-09-11,11447.8,11493.5,11419.9,11464.45,0.0013267173987232,-0.0001266538704278,0.1414244677371627,0.1014083942813579,0.1410815633634356,0.0894123972606981,0.1501835316778403,0.0940194335504271,0.1750084998543154,0.1252766596113034,0.1270622493316528
2445,2445.0,2020-09-14,11540.15,11568.9,11383.55,11440.05,-0.0021305864987327,0.0065813161921705,0.1347162966461854,0.104027764976507,0.1375237334630288,0.0877975558968008,0.1468514771538978,0.094712477667502,0.1750383440558085,0.1252615245424141,0.1256293087941616
2446,2446.0,2020-09-15,11487.2,11535.95,11442.25,11521.8,0.007120536490514,0.0041130154265588,0.1369127787811234,0.102957552206746,0.1385351688048215,0.0870286117144406,0.1438612884794926,0.0943998059974731,0.1664059909199213,0.1250373861153817,0.1272517687980025
2447,2447.0,2020-09-16,11538.45,11618.1,11516.75,11604.55,0.007156369523104,0.0014440435722338,0.1359513288646969,0.0990297936990121,0.1384482450490235,0.0871035449913365,0.1445813224854,0.0933993051812354,0.1635370555869727,0.1246968871494494,0.1278472083068969
2448,2448.0,2020-09-17,11539.4,11587.2,11498.5,11516.1,-0.0076512063021776,-0.0056299959244132,0.1374081595794416,0.0962851761526253,0.1397120290189464,0.0870075747855179,0.1442216487665139,0.0923852730273319,0.1632340075532558,0.1244417573194939,0.1285089317066836
2449,2449.0,2020-09-18,11584.1,11584.1,11446.1,11504.95,-0.0009686787415754,0.0058874119198733,0.1342008529106932,0.0977420972554074,0.1390172453288773,0.0879981705418016,0.1435453647280642,0.0920964910546564,0.1568242675359406,0.1218981881055127,0.1291292804585607
2450,2450.0,2020-09-21,11503.8,11535.25,11218.5,11250.55,-0.0223603611970411,-9.996197107264002e-05,0.1562255204483288,0.0966573387154348,0.1451790282729667,0.0878527720057973,0.1507789229740649,0.091024321682004,0.1594690620946882,0.121493146284188,0.1306657171708976
2451,2451.0,2020-09-22,11301.75,11302.2,11084.65,11153.65,-0.0086502177467932,0.0045405646399411,0.1574363637773337,0.0971945944143259,0.1451664315844196,0.0884418822460368,0.1496779378111653,0.0914029615181221,0.1595404929498626,0.119570135104627,0.1424213364200303
2452,2452.0,2020-09-23,11258.75,11259.55,11024.4,11131.85,-0.0019564296922665,0.0093788055183135,0.1575635549717987,0.101155638615951,0.1434433479836488,0.0908325552327587,0.1478042530230915,0.0926016943459326,0.1594742127059786,0.1207344602140782,0.1472418129830674
2453,2453.0,2020-09-24,11011.0,11015.3,10790.2,10805.55,-0.0297504778818487,-0.0109155957737812,0.1881843530310492,0.107588723221132,0.1618570239042514,0.0945564527113137,0.1597010614249931,0.0945042540625912,0.1669198971888372,0.1217611025113118,0.1534072547414508
2454,2454.0,2020-09-25,10910.4,11072.6,10854.85,11050.25,0.0223931611188357,0.0096565717608647,0.1878923848706176,0.105798158226007,0.1662895734990032,0.0975935696189786,0.1634963155710624,0.0939140391224966,0.1716014004249272,0.1186719302913828,0.1586928156372131
2455,2455.0,2020-09-28,11140.85,11239.35,11099.85,11227.55,0.0159175271787643,0.0081654810618944,0.1946166055301625,0.1070905650523936,0.1645521033334092,0.0989371030534517,0.1666268633772987,0.0951206719706596,0.1726287381787538,0.1195432358557402,0.139366587566121
2456,2456.0,2020-09-29,11288.6,11305.4,11181.0,11222.4,-0.0004587983572646,0.0054227876085506,0.1935787115168783,0.1088030170961284,0.1645497300862688,0.0989317692320215,0.1656503247352148,0.0957090776317372,0.1721896384798892,0.1198473705465719,0.1375446055197231
2457,2457.0,2020-09-30,11244.45,11295.4,11184.55,11247.55,0.0022385461919058,0.001962892624448,0.1937301532140737,0.1086002857205269,0.1631235620084276,0.0972011776679018,0.1644199249289074,0.0953140636099808,0.1679295332365518,0.1198352418818045,0.1376343543185958
2458,2458.0,2020-10-01,11364.45,11428.6,11347.05,11416.95,0.0149487660947957,0.0103397347851453,0.1916240020035904,0.1011630193750329,0.1674205220473217,0.1006130420895383,0.1670683651481106,0.0972195840274215,0.1695657023219512,0.101915573519693,0.138511093247303
2459,2459.0,2020-10-05,11487.8,11578.05,11452.3,11503.35,0.0075392040457337,0.0061865094331463,0.1933975289878806,0.1032372442550579,0.1680298557153499,0.1010346045577584,0.1676613147615347,0.0967395262813612,0.1676477304586829,0.1020612408161472,0.1365162537125995
2460,2460.0,2020-10-06,11603.45,11680.3,11564.3,11662.4,0.0137316943496543,0.0086641703905505,0.1991848364670885,0.1075364436071516,0.1711822540203319,0.1027243083272844,0.1658129494314463,0.0978777747604835,0.1684585255548797,0.0966437896323299,0.1363199796841004
2461,2461.0,2020-10-07,11679.25,11763.05,11629.35,11738.85,0.0065338622491807,0.0014437713638025,0.2001643476200954,0.1029935305370026,0.1719495604128079,0.1025155234934133,0.1663479018242172,0.0962252022383888,0.1687591087361605,0.0964428553321821,0.135176177464502
2462,2462.0,2020-10-08,11835.4,11905.7,11791.15,11834.6,0.0081235904431762,0.0081911865564253,0.1949446442621875,0.1036328440063021,0.1731641978793884,0.1044218020345888,0.1655252474112424,0.096202480088811,0.165133023800348,0.0974956909677896,0.1356811978376221
2463,2463.0,2020-10-09,11852.05,11938.6,11805.2,11914.2,0.0067035217007364,0.0014734040615179,0.1963570223736696,0.10376583637885,0.1718101709797341,0.1038194321017103,0.16320828693948,0.0962227350807897,0.1633723288409033,0.0974110687880387,0.1348223136556515
2464,2464.0,2020-10-12,11973.55,12022.05,11867.2,11930.95,0.0014048980824201,0.004969084331632,0.1962733802246484,0.1026108579815199,0.171146463832232,0.1033611780567055,0.1616471044507731,0.0949957146325145,0.1629774705684054,0.0969566468624588,0.1362697341901901
2465,2465.0,2020-10-13,11934.65,11988.2,11888.9,11934.5,0.0002975012016269,0.0003100697262708,0.1946159977059386,0.1015563023234153,0.1683342705096381,0.1033247179892617,0.1595304852843508,0.0930000724946264,0.1606396913132043,0.0967491331832807,0.1346887782778157
2466,2466.0,2020-10-14,11917.4,11997.2,11822.15,11971.05,0.0030578696980628,-0.0014338482829198,0.1932344157364796,0.1015544532631235,0.1684342346665353,0.102323643126869,0.1595609181612621,0.0921736709387784,0.1581797117132706,0.0962730082190571,0.1347345175948171
2467,2467.0,2020-10-15,12023.45,12025.45,11661.3,11680.35,-0.0245832923164731,0.0043676745338344,0.2105368017864663,0.1007559798704115,0.1782664199833992,0.1009068561900273,0.1667442175725316,0.0926130701941441,0.1641541543810269,0.0958224632292103,0.1370998565105946
2468,2468.0,2020-10-16,11727.4,11789.75,11667.85,11762.45,0.0070043114008975,0.004020041513048,0.2119945919465571,0.0995738728140922,0.1786543031478008,0.0990693192128666,0.1673246543426134,0.0921941086548279,0.163824120374747,0.0948205421953276,0.151290912511106
2469,2469.0,2020-10-19,11879.2,11898.25,11820.4,11873.05,0.0093588718049253,0.0098767174942757,0.1991557730537906,0.1056572877980631,0.1789870225732104,0.1017769815414878,0.1680420865685606,0.0942531103021985,0.1642244308728358,0.0956672375492891,0.1507466916635528
2470,2470.0,2020-10-20,11861.0,11949.25,11837.25,11896.8,0.0019983304819722,-0.0010154188632256,0.1968663513111127,0.1044641858343667,0.1790538323191638,0.101289933750548,0.1651948717904332,0.0941857726853968,0.1642536052394773,0.0949117243071652,0.1390843456296604
2471,2471.0,2020-10-21,11958.55,12018.65,11775.75,11937.65,0.0034278147805934,0.0051770473221001,0.1971237319059406,0.1006474833026441,0.1784558318175062,0.1017413843730412,0.1643708661308679,0.0946920666781968,0.1628781863710856,0.095288159715374,0.1342009015659596
2472,2472.0,2020-10-22,11890.0,11939.55,11823.45,11896.45,-0.0034572348892397,-0.0039995604702397,0.1663778632456914,0.0938591920471565,0.1786575371923785,0.1014079240335346,0.1634653332233449,0.0945793794827141,0.1616702268284758,0.0949472120140896,0.1337083473142826
2473,2473.0,2020-10-23,11957.9,11974.55,11908.75,11930.35,0.0028455371996451,0.0051521115376135,0.1461732845515056,0.0891948559801684,0.1777619008012332,0.1017955002401562,0.1634835653325263,0.0949230563362203,0.1614764093358753,0.0947925056132001,0.1278698265491635
2474,2474.0,2020-10-26,11937.4,11942.85,11711.7,11767.75,-0.0137228344615228,0.0005907553250751,0.1432967902570489,0.0843015325638384,0.1718729539301788,0.0978607166156848,0.1623591910979718,0.0948844895842736,0.161222061074888,0.0927627749449651,0.1211184534517061
2475,2475.0,2020-10-27,11807.1,11899.05,11723.0,11889.4,0.0102845078340078,0.003338306419254,0.1479362898270687,0.0829035011062234,0.1728633323522068,0.0967413676372159,0.1592091178488573,0.0945630231161836,0.1621583909273638,0.0927270483864423,0.1253516377511371
2476,2476.0,2020-10-28,11922.6,11929.4,11684.85,11729.6,-0.0135316853686355,0.0027885118018678,0.1554502081762447,0.0832057869593777,0.1756439960750933,0.096980970401866,0.1616396573707989,0.0940700282373203,0.1632092211063504,0.0928078705368091,0.1271754056261917
2477,2477.0,2020-10-29,11633.3,11744.15,11606.45,11670.8,-0.0050255656959599,-0.0082438862805313,0.1470635516298099,0.0801539940797898,0.17609574137612,0.0989624532410917,0.1609416467355967,0.0943208179998181,0.1624729078478508,0.0936047867498677,0.1330608262498752
2478,2478.0,2020-10-30,11678.45,11748.95,11535.45,11642.4,-0.0024363891742457,0.0006552673232525,0.1448313573381399,0.0770731189427544,0.170914345597602,0.0912801053335481,0.1609999289062332,0.0942976267770587,0.1623570023266846,0.0932538220741228,0.1345757227674995
2479,2479.0,2020-11-02,11697.35,11725.65,11557.4,11669.15,0.0022950006963143,0.0047087138062045,0.1364916822703861,0.0725479056838497,0.1709475712725044,0.0918749032163146,0.160739545904506,0.094233839846984,0.1623071851706026,0.0926008570641525,0.1382487403668012
2480,2480.0,2020-11-03,11734.45,11836.2,11723.3,11813.5,0.0122943380080994,0.005580352548773,0.1414858987175984,0.0750673938003632,0.1735501483285962,0.0928059308591452,0.1624514666747144,0.0944569777627691,0.1605042923793635,0.0927388420212678,0.1400612499591622
2481,2481.0,2020-11-04,11783.35,11929.65,11756.4,11908.5,0.0080094855297475,-0.0025554272207643,0.1414026042422486,0.0697128209283134,0.1745066895312049,0.0903503392645741,0.1632714569629548,0.0944061533874213,0.1611321481331864,0.0915103394642202,0.1394201174087669
2482,2482.0,2020-11-05,12062.4,12131.1,12027.6,12120.3,0.0176293019589377,0.0128407456241596,0.1529628764321254,0.0833223523946505,0.176034445626078,0.0941014573090599,0.1672767334107111,0.0979425472047172,0.1629176635289352,0.0931868468511749,0.1414017663485912
2483,2483.0,2020-11-06,12156.65,12280.4,12131.85,12263.55,0.0117497153269432,0.0029946123516063,0.1585543821009373,0.0821057000476204,0.1784948685161919,0.0944053753981372,0.1675333057851905,0.0976632820333336,0.1620768264704507,0.0933191369012912,0.1405364204713307
2484,2484.0,2020-11-09,12399.4,12474.05,12367.35,12461.05,0.015976331334718,0.011016636206502,0.1685392289041103,0.0910692244681042,0.1829342017687686,0.0970150051650143,0.1702829299854595,0.0994349042291351,0.1633982586356883,0.0940311008048113,0.1402082881354293
2485,2485.0,2020-11-10,12556.4,12643.9,12475.25,12631.1,0.0135542473182894,0.0076227162799233,0.1750353391790139,0.0949265091653532,0.185246381588611,0.0983642223357272,0.1707140986916358,0.1006468291021311,0.1636360171428115,0.0935205838062363,0.1402842367448001
2486,2486.0,2020-11-11,12680.6,12769.75,12571.1,12749.15,0.0093025759254182,0.0039112397115479,0.1549500744771337,0.0946713985187196,0.1858555820358749,0.0987931194712745,0.1717413152953903,0.1002448831905629,0.1644111577236806,0.0931327154859528,0.1396951407425808
2487,2487.0,2020-11-12,12702.15,12741.15,12624.85,12690.8,-0.0045872812110303,-0.0036933322404808,0.1537885075209974,0.0945008852031087,0.1852088318533692,0.0982065226347791,0.1711107934194496,0.0991659584546594,0.1640806053195598,0.0933659694545346,0.127610321211488
2488,2488.0,2020-11-13,12659.7,12735.95,12607.7,12719.95,0.0022943055822232,-0.0024536017516221,0.1503234832305781,0.0880842843631722,0.1852835518709935,0.0972687810124075,0.1708342298250242,0.0977018174356446,0.1640966955988908,0.0928799445306372,0.1271766228185102
2489,2489.0,2020-11-14,12823.35,12828.7,12749.45,12780.25,0.004729383486755,0.008096100722672,0.1511037177793085,0.0926533487050173,0.1768424016232195,0.0994014669335519,0.1702509486829457,0.0988516544046921,0.1640105763800235,0.0938733018450354,0.1282491756232706
2490,2490.0,2020-11-17,12932.5,12934.05,12797.1,12874.2,0.0073242981235581,0.0118425123221377,0.1528679005409164,0.1001834167866616,0.1764587121619596,0.103180779227457,0.1709186391761907,0.1014874074952391,0.1623168436382506,0.0961673796187786,0.1273409166993276
2491,2491.0,2020-11-18,12860.1,12948.85,12819.35,12938.25,0.0049627316628728,-0.0010958138679466,0.1533976883512584,0.0992337258559275,0.1768355282846902,0.1004539776142058,0.1706622495518384,0.1012500303377083,0.1618156260569115,0.096114319715169,0.1217140724415297
2492,2492.0,2020-11-19,12839.5,12963.0,12745.75,12771.7,-0.012956254665088,-0.007661683666193,0.1599245890718749,0.1012864442141731,0.1633418351449322,0.0985095380039028,0.1727392524684904,0.1019245543483381,0.1626670390216499,0.0967399701438674,0.1218191631546505
2493,2493.0,2020-11-20,12813.4,12892.45,12730.25,12859.05,0.0068160579132457,0.0032597126393401,0.1541431077780743,0.1019337333021017,0.1541706424201532,0.0957879831032044,0.1725969598079535,0.1018489090416515,0.1630576380098562,0.0967291488555341,0.126564178574969
2494,2494.0,2020-11-23,12960.3,12968.85,12825.7,12926.45,0.0052277561808191,0.0078429951963784,0.1508510667569228,0.1050485602892503,0.1494052953168623,0.0956153630967357,0.1665238111350603,0.1005506284427569,0.1606171186715695,0.0977075304398715,0.1224542320717383
2495,2495.0,2020-11-24,13002.6,13079.1,12978.0,13055.15,0.009907092146913,0.0058737376753999,0.1472026056329001,0.1066643331687568,0.1514884752498274,0.0957857000843298,0.1671085812309425,0.1003238001178495,0.1581573583791398,0.0978561523464881,0.1205738236384844
2496,2496.0,2020-11-25,13130.0,13145.85,12833.65,12858.4,-0.015185397662922,0.0057169963789885,0.1558748183569382,0.1045262001543192,0.1561809959551269,0.0967440922307694,0.1696288757724616,0.101005367876757,0.160469916400147,0.0979070304131585,0.113293498328927
2497,2497.0,2020-11-26,12906.45,13018.0,12790.4,12987.0,0.0099515628551589,0.0037298921364834,0.1596515218194662,0.1053484947010978,0.1536103468805284,0.0936174772842155,0.1708644778580864,0.1011450042301789,0.1606792068699584,0.0972021752118268,0.1219027022129022
2498,2498.0,2020-11-27,13012.05,13035.3,12914.3,12968.95,-0.0013908181291474,0.0019269940825934,0.1595178687772523,0.1042210834620473,0.1524622748232404,0.0924286246750401,0.1672690402537776,0.0962807542459069,0.1606831507529516,0.0972393476202295,0.1214243108163518
2499,2499.0,2020-12-01,13062.2,13128.4,12962.8,13109.05,0.0107447923830609,0.0071645239553128,0.158079056512389,0.1054536254493177,0.1509200069559729,0.0916031168192321,0.1686909026574124,0.0972986109611324,0.1615822720187321,0.0976717885571419,0.1190841599073884
2500,2500.0,2020-12-02,13121.4,13128.5,12983.55,13113.75,0.0003584666816914,0.0009416537583285,0.1554653951807391,0.1051105625779843,0.1500148199725708,0.0915612654003622,0.168552603912087,0.0972243087516649,0.1613707454599321,0.0973372731481639,0.1204196092068582
2501,2501.0,2020-12-03,13215.3,13216.6,13107.9,13133.9,0.0015353758495279,0.0077139512106154,0.1422023989570295,0.0984853803499851,0.1486512025453958,0.0912955977066373,0.1684288503910729,0.0968439681995193,0.1613787234476037,0.0981675357636999,0.1186672630769708
2502,2502.0,2020-12-04,13177.4,13280.05,13152.85,13258.55,0.0094459534324455,0.0033065671124966,0.1399875035913058,0.0986130360764959,0.1496015660003219,0.091602215838233,0.1666732008321162,0.0958288161597679,0.1622560724247185,0.0982567365924786,0.1185657905665689
2503,2503.0,2020-12-07,13264.85,13366.65,13241.95,13355.75,0.0073043763815936,0.0004750522269754,0.1304312799129839,0.0904097960456563,0.1506965881307252,0.090743499766234,0.167332271681524,0.0958334828882294,0.161618112310328,0.0979052724472827,0.1174805975031042
2504,2504.0,2020-12-08,13393.85,13435.45,13311.05,13392.95,0.0027814453773795,0.0028486426536751,0.121489751215568,0.0867988820666143,0.1508589024066682,0.0910258311080812,0.1673730260472599,0.0950466949573513,0.1613227928133498,0.0973905805889149,0.1177564357054529
2505,2505.0,2020-12-09,13458.1,13548.9,13449.6,13529.1,0.0101144720187085,0.0048527061586102,0.1223174020944881,0.0874051384563059,0.1528178690106522,0.0917782985261906,0.1680294378968041,0.095195431420193,0.1608564132174204,0.0977558471951243,0.1159034351151145
2506,2506.0,2020-12-10,13488.5,13503.55,13399.3,13478.3,-0.0037619363515791,-0.0030054505626511,0.1219563129262246,0.087067078813719,0.1399146528228273,0.0914274327254636,0.1675582379516477,0.0953509974109329,0.1609564636064418,0.0973426769584093,0.1120203937933134
2507,2507.0,2020-12-11,13512.3,13579.35,13402.85,13513.85,0.0026341006963332,0.0025193969740714,0.1220441631613076,0.0870911268011216,0.1389479397742531,0.0910833127954056,0.1668999477555962,0.094782144259755,0.1603113110196718,0.0963892945094189,0.1115243184764883
2508,2508.0,2020-12-14,13571.45,13597.5,13472.45,13558.15,0.0032727570583044,0.004253236023382,0.1214313769393927,0.0835309340328691,0.1371660077943513,0.0882475431177685,0.1670248154873685,0.0944084178805966,0.1601443723782027,0.0954638046219046,0.1129378802686332
2509,2509.0,2020-12-15,13547.2,13589.65,13447.05,13567.85,0.0007151810376354,-0.000807958620396,0.1185979169677696,0.0720460650418662,0.1370847544883423,0.0882338250614529,0.1605185309377762,0.094422942128808,0.1594586802919947,0.0952637411076883,0.1138936726047244
2510,2510.0,2020-12-16,13663.1,13692.35,13606.45,13682.7,0.0084292375769653,0.0069957448024741,0.1210771847558651,0.0761689099670021,0.1384621376321551,0.0890331123443295,0.1604683627128816,0.0950607167242012,0.1601674715360978,0.095807299863711,0.1138524025327368
2511,2511.0,2020-12-17,13713.55,13773.25,13673.55,13740.7,0.004229970498269,0.0022521339993276,0.1128718058082572,0.0715209615827611,0.1385993531464765,0.0886396022369869,0.1606552403141424,0.0931819529366137,0.159894903655507,0.0956835040019617,0.112600226649205
2512,2512.0,2020-12-18,13764.4,13772.85,13658.6,13760.55,0.0014435709974719,0.0017233171932039,0.1103270038059206,0.0708325657458239,0.138460450347205,0.0877844104917639,0.1484675370217589,0.0904829999220976,0.1599087759169367,0.0952878612501931,0.1077205927546541
2513,2513.0,2020-12-21,13741.9,13777.5,13131.45,13328.4,-0.0319087056576762,-0.0013562430153477,0.1576538910499416,0.0652183692291109,0.156468309575217,0.0878387232732067,0.155715274454857,0.0883015138443079,0.1692436835837706,0.0950794371125453,0.1057545901404014
2514,2514.0,2020-12-22,13373.65,13492.05,13192.9,13466.3,0.0102931712266035,0.0033892561294558,0.1579701720945258,0.0629194711448662,0.1564719554597736,0.0878512095385442,0.1536823410876548,0.086957969418502,0.1653794427777715,0.0931822899705547,0.1458212197974796
2515,2515.0,2020-12-23,13473.5,13619.45,13432.2,13601.1,0.0099604036186051,0.0005345251391198,0.1525543378563814,0.0595328583145058,0.1547466732628393,0.087577956697667,0.1550505024540412,0.0862405892636634,0.1658314599448581,0.0924082134317616,0.1526655942166503
2516,2516.0,2020-12-24,13672.15,13771.75,13626.9,13749.25,0.0108336053462311,0.0052102452572208,0.153321536447042,0.0609390153416889,0.156639845917347,0.0860737036788613,0.1565887721126929,0.0868148934503815,0.1666560756075965,0.0928680400232625,0.1467124963348383
2517,2517.0,2020-12-28,13815.15,13885.3,13811.55,13873.2,0.0089746443167618,0.004781538909358,0.1565685147705154,0.0629180509480447,0.1581566758590855,0.0869037306166302,0.1546293818089269,0.0847244072675433,0.167423466992735,0.0931358511752552,0.1435425136700961
2518,2518.0,2020-12-29,13910.35,13967.6,13859.9,13932.6,0.0042724964114242,0.0026742458857943,0.1525437205983783,0.0582511144593744,0.1584192292055764,0.0863488730055065,0.1540961219428702,0.0839371249195453,0.1648363956982808,0.089247090169822,0.1425968895158019
2519,2519.0,2020-12-30,13980.9,13997.0,13864.95,13981.95,0.0035357941585163,0.0034606945173501,0.1530619661157072,0.0594570469200643,0.1555933776837644,0.0856357327869245,0.1516391629817529,0.0823179858060555,0.1649238249680407,0.0893693871306045,0.1409487891727431
2520,2520.0,2020-12-31,13970.0,14024.85,13936.45,13981.75,-1.4304258735754856e-05,-0.0008550387882094,0.1529633735213955,0.0527525719135043,0.1542683655013894,0.0854187589553099,0.1510373690107218,0.0822829043420756,0.1648164956450596,0.0893059307019802,0.1404005706017037
